[{
  "_id": {
    "$oid": "62822f938d82db7aa26e7c7f"
  },
  "quiz": {
    "$oid": "6282161e8d82db7aa26e7982"
  },
  "user": {
    "$oid": "62822c348d82db7aa26e7c64"
  },
  "count": 3,
  "dates": [
    {
      "$date": {
        "$numberLong": "1652699027157"
      }
    },
    {
      "$date": {
        "$numberLong": "1652862318220"
      }
    },
    {
      "$date": {
        "$numberLong": "1652873767956"
      }
    }
  ],
  "description": [
    [
      {
        "id": 1,
        "name": "Команда 2",
        "scores": 45
      },
      {
        "id": 0,
        "name": "Команда 1",
        "scores": 6
      }
    ],
    [
      {
        "id": 6,
        "name": "Команда 7",
        "scores": 9
      },
      {
        "id": 8,
        "name": "Команда 9",
        "scores": 9
      },
      {
        "id": 1,
        "name": "Команда 2",
        "scores": 7
      },
      {
        "id": 0,
        "name": "Команда 1",
        "scores": 6
      },
      {
        "id": 2,
        "name": "Команда 3",
        "scores": 6
      },
      {
        "id": 3,
        "name": "Команда 4",
        "scores": 6
      },
      {
        "id": 5,
        "name": "Команда 6",
        "scores": 6
      },
      {
        "id": 4,
        "name": "Команда 5",
        "scores": 5
      },
      {
        "id": 7,
        "name": "Команда 8",
        "scores": 4
      },
      {
        "id": 9,
        "name": "Команда 10",
        "scores": 2
      }
    ],
    [
      {
        "id": 0,
        "name": "Команда 1",
        "scores": 0
      },
      {
        "id": 1,
        "name": "Команда 2",
        "scores": 0
      }
    ]
  ],
  "ip": "::ffff:109.195.187.150",
  "__v": 2
},{
  "_id": {
    "$oid": "628364f78d82db7aa26e7d7e"
  },
  "quiz": {
    "$oid": "6282161e8d82db7aa26e7982"
  },
  "user": {
    "$oid": "6282155b8d82db7aa26e7972"
  },
  "count": 1,
  "dates": [
    {
      "$date": {
        "$numberLong": "1652778231364"
      }
    }
  ],
  "description": [
    []
  ],
  "ip": "::ffff:109.195.187.150",
  "__v": 0
}]