[{
  "_id": {
    "$oid": "6284ae078c6c13d32f853d00"
  },
  "user": {
    "$oid": "62822c348d82db7aa26e7c64"
  },
  "dates": [
    {
      "$date": {
        "$numberLong": "1652862471531"
      }
    },
    {
      "$date": {
        "$numberLong": "1652862471571"
      }
    },
    {
      "$date": {
        "$numberLong": "1652862719730"
      }
    },
    {
      "$date": {
        "$numberLong": "1652864025626"
      }
    },
    {
      "$date": {
        "$numberLong": "1652864025678"
      }
    },
    {
      "$date": {
        "$numberLong": "1652864705170"
      }
    },
    {
      "$date": {
        "$numberLong": "1652864705221"
      }
    },
    {
      "$date": {
        "$numberLong": "1652865123810"
      }
    },
    {
      "$date": {
        "$numberLong": "1652865136152"
      }
    },
    {
      "$date": {
        "$numberLong": "1652865167331"
      }
    },
    {
      "$date": {
        "$numberLong": "1652866457217"
      }
    },
    {
      "$date": {
        "$numberLong": "1652867098543"
      }
    },
    {
      "$date": {
        "$numberLong": "1652867098597"
      }
    },
    {
      "$date": {
        "$numberLong": "1652869898204"
      }
    },
    {
      "$date": {
        "$numberLong": "1652870633290"
      }
    },
    {
      "$date": {
        "$numberLong": "1652870633310"
      }
    },
    {
      "$date": {
        "$numberLong": "1652870724553"
      }
    },
    {
      "$date": {
        "$numberLong": "1652883676480"
      }
    },
    {
      "$date": {
        "$numberLong": "1652883676527"
      }
    },
    {
      "$date": {
        "$numberLong": "1652886423035"
      }
    },
    {
      "$date": {
        "$numberLong": "1652886423074"
      }
    },
    {
      "$date": {
        "$numberLong": "1652936057418"
      }
    },
    {
      "$date": {
        "$numberLong": "1652939384472"
      }
    },
    {
      "$date": {
        "$numberLong": "1652939384573"
      }
    },
    {
      "$date": {
        "$numberLong": "1652939809192"
      }
    }
  ],
  "description": "",
  "__v": 24
},{
  "_id": {
    "$oid": "6284b8f18c6c13d32f853d97"
  },
  "user": {
    "$oid": "6282155b8d82db7aa26e7972"
  },
  "dates": [
    {
      "$date": {
        "$numberLong": "1652865265117"
      }
    },
    {
      "$date": {
        "$numberLong": "1652865322201"
      }
    },
    {
      "$date": {
        "$numberLong": "1652866337194"
      }
    },
    {
      "$date": {
        "$numberLong": "1652866337220"
      }
    },
    {
      "$date": {
        "$numberLong": "1652898187419"
      }
    },
    {
      "$date": {
        "$numberLong": "1652898515761"
      }
    },
    {
      "$date": {
        "$numberLong": "1652900412118"
      }
    },
    {
      "$date": {
        "$numberLong": "1652939256846"
      }
    },
    {
      "$date": {
        "$numberLong": "1652940631024"
      }
    }
  ],
  "description": "",
  "__v": 8
}]