[{
  "_id": {
    "$oid": "62821a7c8d82db7aa26e79b4"
  },
  "title": "Вопрос 1",
  "quiz": {
    "$oid": "6282161e8d82db7aa26e7982"
  },
  "type": "question",
  "text": "Название этого города появилось благодаря местной железнодорожной станции, которая образует важнейший ж/д узел области.",
  "answer": "Узловский район, г. Узловая",
  "price": 1,
  "img": "https://quizserver.vityazgroup.ru:8445/api/image/get/187c423a-1e10-42f9-9f41-593aa2ff09b4.png",
  "video": "",
  "isActive": true,
  "__v": 0
},{
  "_id": {
    "$oid": "62821dbb8d82db7aa26e7a26"
  },
  "title": "Вопрос 2",
  "quiz": {
    "$oid": "6282161e8d82db7aa26e7982"
  },
  "type": "question",
  "text": "Здесь берут начало реки Упа и Непрядва. А своим названием поселок обязан гуртовщикам степных районов, которые гнали волов в Москву из Воронежской области. В этом месте они останавливались, чтобы напоить волов и отдохнуть.",
  "answer": "Воловский район, п. Волово",
  "price": 1,
  "img": "https://quizserver.vityazgroup.ru:8445/api/image/get/3889ed33-dcea-4af4-b844-850c61dfd421.png",
  "video": "",
  "isActive": true,
  "__v": 0
},{
  "_id": {
    "$oid": "6282232b8d82db7aa26e7a77"
  },
  "title": "Вопрос 3",
  "quiz": {
    "$oid": "6282161e8d82db7aa26e7982"
  },
  "type": "question",
  "text": "В своем рассказе-миниатюре «Муравский шлях» Иван Бунин рассказывает, что на месте этого поселка находился постоялый двор, где обогревались путники, следующие по дороге. Отсюда и произошло название населенного пункта.",
  "answer": "Тепло-Огаревский район, п. Теплое",
  "price": 1,
  "img": "https://quizserver.vityazgroup.ru:8445/api/image/get/9f0cac60-68e3-45c6-a0c9-4d0e0474580f.png",
  "video": "",
  "isActive": true,
  "__v": 0
},{
  "_id": {
    "$oid": "628223468d82db7aa26e7a7b"
  },
  "title": "Вопрос 4",
  "quiz": {
    "$oid": "6282161e8d82db7aa26e7982"
  },
  "type": "question",
  "text": "Здесь находятся два производства микрофонов, которым нет равных — «Октава» и «Союз». Юрий Гагарин, Marilyn Manson и музыкальные продюсеры таких известных групп как Radiohead, Twenty One Pilots, Nirvana, System of a Down и Green Day убедились в этом сами!\n",
  "answer": "МО г. Тулы, г. Тула",
  "price": 1,
  "img": "https://quizserver.vityazgroup.ru:8445/api/image/get/6771bb45-3c03-41a4-a0e9-4639357df92c.png",
  "video": "",
  "isActive": true,
  "__v": 0
},{
  "_id": {
    "$oid": "628223588d82db7aa26e7a7f"
  },
  "title": "Вопрос 5",
  "quiz": {
    "$oid": "6282161e8d82db7aa26e7982"
  },
  "type": "question",
  "text": "В каждом уголке России знают о пастиле, изготавливаемой в этом городе. А еще район славится своим кружевом, изготовлением которого первыми в Тульской губернии начали заниматься монахини Крестовоздвиженского монастыря.",
  "answer": "Белевский район,  г. Белев",
  "price": 1,
  "img": "https://quizserver.vityazgroup.ru:8445/api/image/get/41c40f1c-3ded-4142-ba2a-bd251c2e1011.png",
  "video": "",
  "isActive": true,
  "__v": 0
},{
  "_id": {
    "$oid": "6282236f8d82db7aa26e7a83"
  },
  "title": "Вопрос 6",
  "quiz": {
    "$oid": "6282161e8d82db7aa26e7982"
  },
  "type": "question",
  "text": "Это небольшой город на юго-востоке Тульской области, расположенный на берегах реки Олень, в 40 километрах от областного центра. Во второй половине XVI века здесь поселились казаки, поступившие на службу к Московскому царю. По имени одного из казаков город и получил свое название. ",
  "answer": "Киреевский район, г. Киреевск",
  "price": 1,
  "img": "https://quizserver.vityazgroup.ru:8445/api/image/get/b571802f-2c95-4723-b114-8b0e8207f796.png",
  "video": "",
  "isActive": true,
  "__v": 0
},{
  "_id": {
    "$oid": "628223888d82db7aa26e7a87"
  },
  "title": "Вопрос 7",
  "quiz": {
    "$oid": "6282161e8d82db7aa26e7982"
  },
  "type": "question",
  "text": "Это место носит фамилию известного художника, который прожил здесь и написал большинство своих картин, таких как «Бабушкин сад», «Заросший пруд» и «Московский дворик».",
  "answer": "Заокский район, усадьба Поленово",
  "img": "https://quizserver.vityazgroup.ru:8445/api/image/get/0c812727-ce62-487f-85e5-e2953815d054.png",
  "video": "",
  "isActive": true,
  "__v": 0,
  "price": 1
},{
  "_id": {
    "$oid": "628227628d82db7aa26e7a8e"
  },
  "title": "Вопрос 8",
  "quiz": {
    "$oid": "6282161e8d82db7aa26e7982"
  },
  "type": "question",
  "text": "Этот поселок вырос на месте бывшей Чулковской слободы. Именно здесь начинает развиваться металлургия и оружейное производство. Название поселок получил по церкви Рождества Христова.",
  "answer": "Ленинский район, п. Рождественский",
  "price": 1,
  "img": "https://quizserver.vityazgroup.ru:8445/api/image/get/70c02bbb-c911-4a50-8b27-4254c2e18524.png",
  "video": "",
  "isActive": true,
  "__v": 0
},{
  "_id": {
    "$oid": "6282277f8d82db7aa26e7a92"
  },
  "title": "Вопрос 9",
  "quiz": {
    "$oid": "6282161e8d82db7aa26e7982"
  },
  "type": "question",
  "text": "Этот район расположен на юге области. На севере граничит с Тепло-Огаревским, на западе — с Воловским, на юге — с Ефремовским районами Тульской области.",
  "answer": "Каменский район",
  "img": "https://quizserver.vityazgroup.ru:8445/api/image/get/8557e302-a3a6-4269-a9f9-828b1bd5b251.png",
  "video": "",
  "isActive": true,
  "__v": 0,
  "price": 1
},{
  "_id": {
    "$oid": "628227bb8d82db7aa26e7a9c"
  },
  "title": "Вопрос 10",
  "quiz": {
    "$oid": "6282161e8d82db7aa26e7982"
  },
  "type": "question",
  "text": "Здесь находятся необыкновенной красоты карьеры с голубыми озерами, известные не только в Туле, но и в России под названиями Кондуки или Романцевские горы. Высота самого высокого террикона здесь — 207 метров над уровнем моря, а близлежащая деревня дала название этой наивысшей точке. ",
  "answer": " Узловский район,  д. Волково",
  "price": 1,
  "img": "https://quizserver.vityazgroup.ru:8445/api/image/get/274415c4-d2a2-431b-84fd-a5d71401d5bd.png",
  "video": "",
  "isActive": true,
  "__v": 0
},{
  "_id": {
    "$oid": "628227ce8d82db7aa26e7aa0"
  },
  "title": "Вопрос 11",
  "quiz": {
    "$oid": "6282161e8d82db7aa26e7982"
  },
  "type": "question",
  "text": "Здесь находится родина рок-музыканта Игоря Талькова, космонавта Сергея Залетина и чемпионки Олимпийских игр 1988 года Татьяны Ледовской. Но самым известным уроженцем этого района является граф Лев Николаевич Толстой.",
  "answer": "Щекинский район, г. Щекино",
  "img": "https://quizserver.vityazgroup.ru:8445/api/image/get/e11d0685-69a3-4c05-8c54-a203360c2715.png",
  "video": "",
  "isActive": true,
  "__v": 0,
  "price": 2
},{
  "_id": {
    "$oid": "6282285e8d82db7aa26e7aaa"
  },
  "title": "Вопрос 12",
  "quiz": {
    "$oid": "6282161e8d82db7aa26e7982"
  },
  "type": "question",
  "text": "В этом городе берет свое начало одна из самых длинных рек Европы — Дон. Протяженность реки — 1870 км, протекает по Липецкой, Волгоградской, Воронежской и Ростовской областям и впадает в Азовское море.",
  "answer": "Новомосковский район, г. Новомосковск",
  "price": 2,
  "img": "https://quizserver.vityazgroup.ru:8445/api/image/get/861f611e-05c4-411c-8a71-14f16ae7a2e3.png",
  "video": "",
  "isActive": true,
  "__v": 0
},{
  "_id": {
    "$oid": "628228758d82db7aa26e7aae"
  },
  "title": "Вопрос 13",
  "quiz": {
    "$oid": "6282161e8d82db7aa26e7982"
  },
  "type": "question",
  "text": "Здесь родился российский астроном Константин Николаевич Шистовский — один из основателей Московского планетария, его первый директор, первый лектор и инженер-конструктор.",
  "answer": "Ясногорский район, г. Ясногорск",
  "img": "https://quizserver.vityazgroup.ru:8445/api/image/get/b4e57395-80e2-47e5-9015-05dc56a121c8.png",
  "video": "",
  "isActive": true,
  "__v": 0,
  "price": 2
},{
  "_id": {
    "$oid": "6282288c8d82db7aa26e7ab2"
  },
  "title": "Вопрос 14",
  "quiz": {
    "$oid": "6282161e8d82db7aa26e7982"
  },
  "type": "question",
  "text": "История этого города связана с защитой от врагов южных границ средневекового Московского государства. Территория вокруг крепости, построенной по Указу царя Алексея Михайловича, была усеяна чабрецом и тимьяном. Эти травы в старину носили современное название города.",
  "answer": "Богородицкий район,  г. Богородицк",
  "price": 2,
  "img": "https://quizserver.vityazgroup.ru:8445/api/image/get/c5c731b5-6363-4a1e-9e39-05955196d905.png",
  "video": "",
  "isActive": true,
  "__v": 0
},{
  "_id": {
    "$oid": "628228a48d82db7aa26e7ab9"
  },
  "title": "Вопрос 15",
  "quiz": {
    "$oid": "6282161e8d82db7aa26e7982"
  },
  "type": "question",
  "text": "Этот городок в XIV—XVI вв. был центром княжества, а сегодня его называют родиной слонов и филимоновской игрушки.",
  "answer": "Одоевский район, г. Одоев",
  "price": 2,
  "img": "https://quizserver.vityazgroup.ru:8445/api/image/get/0395d068-cf25-42b9-8ef2-b0478fea5fc0.png",
  "video": "",
  "isActive": true,
  "__v": 0
},{
  "_id": {
    "$oid": "628228b78d82db7aa26e7abd"
  },
  "title": "Вопрос 16",
  "quiz": {
    "$oid": "6282161e8d82db7aa26e7982"
  },
  "type": "question",
  "text": "Этот город — один из самых молодых в Тульской области. История его возникновения связана со строительством электростанции. Но сегодня он известен своими конфетами, изготовленными на основе орехов, сухофруктов и цукатов. ",
  "answer": " Суворовский район, г. Суворов",
  "price": 2,
  "img": "https://quizserver.vityazgroup.ru:8445/api/image/get/c7eee5f1-31bf-4d98-b982-c9cb095ce61b.png",
  "video": "",
  "isActive": true,
  "__v": 0
},{
  "_id": {
    "$oid": "628228c48d82db7aa26e7ac1"
  },
  "title": "Вопрос 17",
  "quiz": {
    "$oid": "6282161e8d82db7aa26e7982"
  },
  "type": "question",
  "text": "В этом районе находятся два из шести крупнейших водохранилищ Тульской области. Они используются для водоснабжения химического предприятия «Азот».",
  "answer": "Новомосковский район, г. Новомосковск",
  "img": "https://quizserver.vityazgroup.ru:8445/api/image/get/5082dbde-1bd1-40bb-9bea-6db65bc8358c.png",
  "video": "",
  "isActive": true,
  "__v": 0,
  "price": 2
},{
  "_id": {
    "$oid": "628228db8d82db7aa26e7ac8"
  },
  "title": "Вопрос 18",
  "quiz": {
    "$oid": "6282161e8d82db7aa26e7982"
  },
  "type": "question",
  "text": "Имение отца известного писателя Ивана Сергеевича Тургенева находилось в этом селе. Здесь он и создал свои рассказы из «Записок охотника»: «Певцы» и «Бежин луг».",
  "answer": "Чернский район,  с. Тургенево",
  "price": 2,
  "img": "https://quizserver.vityazgroup.ru:8445/api/image/get/d25625b7-ff41-4194-ad5d-35f0595b6627.png",
  "video": "",
  "isActive": true,
  "__v": 0
},{
  "_id": {
    "$oid": "628228ed8d82db7aa26e7acc"
  },
  "title": "Вопрос 19",
  "quiz": {
    "$oid": "6282161e8d82db7aa26e7982"
  },
  "type": "question",
  "text": "Через это село прошли Девлет Гирей, Лжедмитрии I и II, Иван Болотников и Василий Шуйский. Но славится оно своим фестивалем, который проходит в первые выходные июня. На этом фестивале можно отведать пирожки, щи, чай, варенье и квас из главного жгучего символа села, которое и дает ему название.",
  "answer": "Щекинский район, с. Крапивна",
  "price": 2,
  "img": "https://quizserver.vityazgroup.ru:8445/api/image/get/5d724eec-0f37-4874-b950-380e5a01522c.png",
  "video": "",
  "isActive": true,
  "__v": 0
},{
  "_id": {
    "$oid": "628229078d82db7aa26e7ad0"
  },
  "title": "Вопрос 20",
  "quiz": {
    "$oid": "6282161e8d82db7aa26e7982"
  },
  "type": "question",
  "text": "В этом районе течет река Иста, упомянутая в рассказе «Ермолай и Мельничиха» Иваном Сергеевичем Тургеневым. Писатель сравнивает эту реку с Волгой: «У многих русских рек, наподобие Волги, один берег горный, другой луговой; у Исты тоже. Эта небольшая речка вьется чрезвычайно неприхотливо, ползет змеей, ни на полверсты не течет прямо, и в ином месте, с высоты крутого холма, видна верст на десять со своими плотинами, прудами, мельницами… Рыбы в Исте бездна…».\n",
  "answer": "Арсеньевский район",
  "price": 2,
  "img": "https://quizserver.vityazgroup.ru:8445/api/image/get/fe368781-53cb-4de8-9a0a-11e8d1c8f716.png",
  "video": "",
  "isActive": true,
  "__v": 0
},{
  "_id": {
    "$oid": "6282291d8d82db7aa26e7ad4"
  },
  "title": "Вопрос 21",
  "quiz": {
    "$oid": "6282161e8d82db7aa26e7982"
  },
  "type": "question",
  "text": "Завод, расположенный в этом поселке, выпускает известковую муку, дробленый известняк и известковый щебень, которые идут на строительство Московского метрополитена. Как называется поселок, созвучный главному заказчику, и район, в котором он находится? ",
  "answer": "Веневский район, п. Метростроевский",
  "price": 3,
  "img": "https://quizserver.vityazgroup.ru:8445/api/image/get/d1f1d845-33ec-4069-9b00-194558e7667e.png",
  "video": "",
  "isActive": true,
  "__v": 0
},{
  "_id": {
    "$oid": "6282292a8d82db7aa26e7ad8"
  },
  "title": "Вопрос 22",
  "quiz": {
    "$oid": "6282161e8d82db7aa26e7982"
  },
  "type": "question",
  "text": "Иван Бунин, первый русский лауреат Нобелевской премии в области литературы, очень тесно связан с этим городом. Один из его лучших рассказов «Антоновские яблоки» был навеян атмосферой этого города.",
  "answer": " Ефремовский район,  г. Ефремов",
  "img": "https://quizserver.vityazgroup.ru:8445/api/image/get/9353a96f-9249-458f-9990-214b0690da6a.png",
  "video": "",
  "isActive": true,
  "__v": 0,
  "price": 3
},{
  "_id": {
    "$oid": "6282294a8d82db7aa26e7adc"
  },
  "title": "Вопрос 23",
  "quiz": {
    "$oid": "6282161e8d82db7aa26e7982"
  },
  "type": "question",
  "text": "Здесь находится государственный музей-заповедник «Куликово поле», посвященный Куликовской битве. Музей был образован в октябре 1996 года и входит в Государственный свод особо ценных объектов культурного наследия народов РФ. Фонды музея-заповедника насчитывают более 50000 единиц хранения.",
  "answer": "Куркинский район",
  "price": 3,
  "img": "https://quizserver.vityazgroup.ru:8445/api/image/get/9aa507fc-81ca-43fc-9d02-c1b3c40e48be.png",
  "video": "",
  "isActive": true,
  "__v": 0
},{
  "_id": {
    "$oid": "628229698d82db7aa26e7ae3"
  },
  "title": "Вопрос 24",
  "quiz": {
    "$oid": "6282161e8d82db7aa26e7982"
  },
  "type": "question",
  "text": "В этом поселке стоит памятник сразу двум известным людям — Льву Николаевичу Толстому и Ивану Сергеевичу Тургеневу. Памятник изображает момент, когда двое писателей разругались \"по-черному\". Эта ссора развела писателей на целых 17 лет!",
  "answer": "Чернский район,  п. Чернь",
  "price": 3,
  "img": "https://quizserver.vityazgroup.ru:8445/api/image/get/e959d299-811b-46d3-a9cc-8f1305c8afe1.png",
  "video": "",
  "isActive": true,
  "__v": 0
},{
  "_id": {
    "$oid": "628229998d82db7aa26e7ae7"
  },
  "title": "Вопрос 25",
  "quiz": {
    "$oid": "6282161e8d82db7aa26e7982"
  },
  "type": "question",
  "text": "На северо-западной окраине этого района, на левом берегу реки находится действующий геологический памятник природы регионального значения — обнажение «Белая гора». Здесь произрастают растения, а также обитают редкие виды чешуекрылых, занесенных в Красную книгу.",
  "answer": "Плавский район, р. Плава",
  "price": 3,
  "img": "https://quizserver.vityazgroup.ru:8445/api/image/get/694390c5-0a0b-432a-9bea-6174eb63decd.png",
  "video": "",
  "isActive": true,
  "__v": 0
},{
  "_id": {
    "$oid": "628229ab8d82db7aa26e7aeb"
  },
  "title": "Вопрос 26",
  "quiz": {
    "$oid": "6282161e8d82db7aa26e7982"
  },
  "type": "question",
  "text": "Второй известной династией тульских промышленников после \nДемидовых считаются Мосоловы. Когда Федор Кузьмич Мосолов решил построить в этом районе завод, он \nхорошо понимал, что водные пути — важнейший градообразующий фактор. Кроме того, вокруг было очень много уникальных дубовых лесов, которыми топились заводские печи. Постройка завода послужила началом для возникновения поселка, названного аналогично реке, которую перекрыли заводской плотиной.",
  "answer": "Дубенский район, п. Дубна",
  "price": 3,
  "img": "https://quizserver.vityazgroup.ru:8445/api/image/get/025da6f6-55e6-4528-86ea-8f114e8068df.png",
  "video": "",
  "isActive": true,
  "__v": 0
},{
  "_id": {
    "$oid": "628229bc8d82db7aa26e7aef"
  },
  "title": "Вопрос 27",
  "quiz": {
    "$oid": "6282161e8d82db7aa26e7982"
  },
  "type": "question",
  "text": "По одной из версий, этот город обязан своим появлением Князю Даниилу Александровичу Московскому, сыну Великого Князя Александра Ярославича Невского, который, проезжая по этим территориям, получил радостное известие о рождении сына — Александра. Тогда же князь и приказал заложить сей город.",
  "answer": "Алексинский район, г. Алексин",
  "price": 3,
  "img": "https://quizserver.vityazgroup.ru:8445/api/image/get/180422ba-02c8-4607-8843-623754e6df80.png",
  "video": "",
  "isActive": true,
  "__v": 0
},{
  "_id": {
    "$oid": "628229cd8d82db7aa26e7af3"
  },
  "title": "Вопрос 28",
  "quiz": {
    "$oid": "6282161e8d82db7aa26e7982"
  },
  "type": "question",
  "text": "С XIX века здесь регулярно проводятся знаменитые ярмарки, традиционным символом которых являются медовые ряды.  Именно отсюда берут свое начало корни донского казачества, прославившегося в веках своей ратной славой.",
  "answer": "Кимовский район,  п. Епифань",
  "price": 3,
  "img": "https://quizserver.vityazgroup.ru:8445/api/image/get/d0b6eb9e-0ec3-4164-8576-933771e29817.png",
  "video": "",
  "isActive": true,
  "__v": 0
},{
  "_id": {
    "$oid": "628229de8d82db7aa26e7af7"
  },
  "title": "Вопрос 29",
  "quiz": {
    "$oid": "6282161e8d82db7aa26e7982"
  },
  "type": "question",
  "text": "Этот утес, находящийся на правом крутом склоне реки Красивой Мечи, называют одним из самых красивых природных памятников Тульской области. Его используют для изучения пород лебедянских и данковских отложений возрастом около 350 миллионов лет.",
  "answer": "Ефремовский район, с. Ишутино",
  "price": 3,
  "img": "https://quizserver.vityazgroup.ru:8445/api/image/get/2dc63cf8-00d6-457a-96e4-ab5dc4474855.png",
  "video": "",
  "isActive": true,
  "__v": 0
},{
  "_id": {
    "$oid": "628229ef8d82db7aa26e7afb"
  },
  "title": "Вопрос 30",
  "quiz": {
    "$oid": "6282161e8d82db7aa26e7982"
  },
  "type": "question",
  "text": "Угольный разрез этого района стал первым в Подмосковном угольном бассейне, где была налажена добыча угля открытым способом. ",
  "answer": "Кимовский район, г. Кимовск",
  "price": 3,
  "img": "https://quizserver.vityazgroup.ru:8445/api/image/get/6e6c73d8-7041-4240-893e-743780090509.png",
  "video": "",
  "isActive": true,
  "__v": 0
}]