[{
  "_id": {
    "$oid": "62663c62ff93918eef9bc380"
  },
  "name": "География",
  "img": "https://quizserver.vityazgroup.ru:8443/api/image/get/defcb729-366c-4736-a93b-3064b9170ef5.svg",
  "__v": 0
},{
  "_id": {
    "$oid": "62663c6dff93918eef9bc382"
  },
  "name": "Интересные факты и места",
  "img": "https://quizserver.vityazgroup.ru:8443/api/image/get/3f7a4d6a-0ddd-4d94-ada0-07f6ce634cd2.svg",
  "__v": 0
},{
  "_id": {
    "$oid": "62663c73ff93918eef9bc384"
  },
  "name": "Известные люди и исторические факты",
  "img": "https://quizserver.vityazgroup.ru:8443/api/image/get/040444c4-04f5-47f5-b975-aaec1766c33c.svg",
  "__v": 0
},{
  "_id": {
    "$oid": "62663c7aff93918eef9bc386"
  },
  "name": "Полезные ископаемые и промышленность",
  "img": "https://quizserver.vityazgroup.ru:8443/api/image/get/de8d79e4-2b53-49be-b31e-a10ffd9d44e5.svg",
  "__v": 0
},{
  "_id": {
    "$oid": "626665e5ff93918eef9bc502"
  },
  "name": "География и природные объекты",
  "img": "https://quizserver.vityazgroup.ru:8443/api/image/get/6306b963-7b29-49aa-92d4-b555d191f5c8.svg",
  "__v": 0
}]