[{
  "_id": {
    "$oid": "6273ac29fa024cd339286712"
  },
  "quiz": {
    "$oid": "623acfd275188a4016072deb"
  },
  "user": {
    "$oid": "6239d1530c168edb478b18be"
  },
  "count": 3,
  "dates": [
    {
      "$date": {
        "$numberLong": "1651747881400"
      }
    },
    {
      "$date": {
        "$numberLong": "1651747903319"
      }
    },
    {
      "$date": {
        "$numberLong": "1652699199685"
      }
    }
  ],
  "description": [
    [],
    [
      {
        "id": 0,
        "name": "Команда 1",
        "scores": 2
      },
      {
        "id": 1,
        "name": "Команда 2",
        "scores": 1
      },
      {
        "id": 2,
        "name": "Команда 3",
        "scores": 0
      },
      {
        "id": 3,
        "name": "Команда 4",
        "scores": 0
      },
      {
        "id": 4,
        "name": "Команда 5",
        "scores": 0
      },
      {
        "id": 5,
        "name": "Команда 6",
        "scores": 0
      },
      {
        "id": 6,
        "name": "Команда 7",
        "scores": 0
      }
    ],
    [
      {
        "id": 0,
        "name": "Команда 1",
        "scores": 60
      },
      {
        "id": 1,
        "name": "Команда 2",
        "scores": 0
      }
    ]
  ],
  "ip": "::ffff:109.195.187.150",
  "__v": 2
},{
  "_id": {
    "$oid": "6273ac5dfa024cd33928672d"
  },
  "quiz": {
    "$oid": "623ad0352094e309d6832f69"
  },
  "user": {
    "$oid": "6239d1530c168edb478b18be"
  },
  "count": 1,
  "dates": [
    {
      "$date": {
        "$numberLong": "1651747933379"
      }
    }
  ],
  "description": [
    []
  ],
  "ip": "::ffff:109.195.187.150",
  "__v": 0
},{
  "_id": {
    "$oid": "6273ae01fa024cd33928674b"
  },
  "quiz": {
    "$oid": "623acfd275188a4016072deb"
  },
  "user": {
    "$oid": "62739be7da59a364daf01fb8"
  },
  "count": 1,
  "dates": [
    {
      "$date": {
        "$numberLong": "1651748353020"
      }
    }
  ],
  "description": [
    [
      {
        "id": 0,
        "name": "Команда 1",
        "scores": 24
      },
      {
        "id": 1,
        "name": "Команда 2",
        "scores": 6
      }
    ]
  ],
  "ip": "::ffff:109.195.187.150",
  "__v": 0
},{
  "_id": {
    "$oid": "6274d993fa024cd339286962"
  },
  "quiz": {
    "$oid": "623acfd275188a4016072deb"
  },
  "user": {
    "$oid": "6239d1760c168edb478b18c0"
  },
  "count": 1,
  "dates": [
    {
      "$date": {
        "$numberLong": "1651825043624"
      }
    }
  ],
  "description": [
    [
      {
        "id": 0,
        "name": "Команда 1",
        "scores": 1
      },
      {
        "id": 1,
        "name": "Команда 2",
        "scores": 1
      },
      {
        "id": 2,
        "name": "Команда 3",
        "scores": 0
      },
      {
        "id": 3,
        "name": "Команда 4",
        "scores": 0
      }
    ]
  ],
  "ip": "::ffff:109.195.187.150",
  "__v": 0
},{
  "_id": {
    "$oid": "627b5bb9fa024cd339286c18"
  },
  "quiz": {
    "$oid": "623ad0192094e309d6832f65"
  },
  "user": {
    "$oid": "6239d1530c168edb478b18be"
  },
  "count": 1,
  "dates": [
    {
      "$date": {
        "$numberLong": "1652251577191"
      }
    }
  ],
  "description": [
    []
  ],
  "ip": "::ffff:109.195.187.150",
  "__v": 0
},{
  "_id": {
    "$oid": "6283a323fa024cd339286fc0"
  },
  "quiz": {
    "$oid": "623ad0352094e309d6832f69"
  },
  "user": {
    "$oid": "62739be7da59a364daf01fb8"
  },
  "count": 1,
  "dates": [
    {
      "$date": {
        "$numberLong": "1652794147595"
      }
    }
  ],
  "description": [
    []
  ],
  "ip": "::ffff:62.148.130.2",
  "__v": 0
}]