[{
  "_id": {
    "$oid": "6284a5082940fd0397f792d7"
  },
  "user": {
    "$oid": "6239d1530c168edb478b18be"
  },
  "dates": [
    {
      "$date": {
        "$numberLong": "1652860168406"
      }
    },
    {
      "$date": {
        "$numberLong": "1652900262197"
      }
    },
    {
      "$date": {
        "$numberLong": "1652900520577"
      }
    },
    {
      "$date": {
        "$numberLong": "1652951481991"
      }
    },
    {
      "$date": {
        "$numberLong": "1652957624267"
      }
    },
    {
      "$date": {
        "$numberLong": "1652957624333"
      }
    },
    {
      "$date": {
        "$numberLong": "1653312748439"
      }
    }
  ],
  "description": "",
  "__v": 6
},{
  "_id": {
    "$oid": "6284a9c72940fd0397f79597"
  },
  "user": {
    "$oid": "62739be7da59a364daf01fb8"
  },
  "dates": [
    {
      "$date": {
        "$numberLong": "1652861383739"
      }
    }
  ],
  "description": "",
  "__v": 0
},{
  "_id": {
    "$oid": "6284aede2940fd0397f796e0"
  },
  "user": {
    "$oid": "6239d1760c168edb478b18c0"
  },
  "dates": [
    {
      "$date": {
        "$numberLong": "1652862686023"
      }
    },
    {
      "$date": {
        "$numberLong": "1652862686069"
      }
    },
    {
      "$date": {
        "$numberLong": "1652864790374"
      }
    },
    {
      "$date": {
        "$numberLong": "1652864790412"
      }
    }
  ],
  "description": "",
  "__v": 3
},{
  "_id": {
    "$oid": "6284e1ba2940fd0397f79d2b"
  },
  "user": {
    "$oid": "62739bb1da59a364daf01f5b"
  },
  "dates": [
    {
      "$date": {
        "$numberLong": "1652875706078"
      }
    },
    {
      "$date": {
        "$numberLong": "1652949176882"
      }
    }
  ],
  "description": "",
  "__v": 1
},{
  "_id": {
    "$oid": "628770616de5afb35bdfca17"
  },
  "user": {
    "$oid": "62739bc3da59a364daf01f7f"
  },
  "dates": [
    {
      "$date": {
        "$numberLong": "1653043297678"
      }
    }
  ],
  "description": "",
  "__v": 0
}]