[{
  "_id": {
    "$oid": "623adbc3d4d7064b18a7fcbd"
  },
  "title": "Вопрос 1",
  "quiz": {
    "$oid": "623acfd275188a4016072deb"
  },
  "type": "question",
  "text": "Плато Путорана — грандиозный горный массив, представляющий собой почти не тронутую человеком огромную территорию, которую называют «краем 10 000 озер и 1000 водопадов», находится именно здесь.      ",
  "answer": "Красноярский край, Красноярск",
  "img": "https://quizserver.vityazgroup.ru:8443/api/image/get/d70b2941-43b2-43f3-99a7-909eb496f1d3.png",
  "video": "",
  "isActive": true,
  "__v": 0,
  "price": 1
},{
  "_id": {
    "$oid": "623adc20d4d7064b18a7fcc0"
  },
  "title": "Вопрос 2",
  "quiz": {
    "$oid": "623acfd275188a4016072deb"
  },
  "type": "question",
  "text": "Настоящие жемчужины региона — его ущелья. Цейское, Кармадонское, Куртатинское. Они завораживают своей дикой красотой и привлекают многочисленных любителей активного отдыха.",
  "answer": "Республика Северная Осетия, Владикавказ",
  "img": "https://quizserver.vityazgroup.ru:8443/api/image/get/de9c6735-c888-487e-a8fe-24fdbe8d11ad.png",
  "video": "",
  "isActive": true,
  "__v": 0,
  "price": 1
},{
  "_id": {
    "$oid": "623adc3bd4d7064b18a7fcc2"
  },
  "title": "Вопрос 3",
  "quiz": {
    "$oid": "623acfd275188a4016072deb"
  },
  "type": "question",
  "text": "Крупнейшая в мире административно-территориальная единица. По площади она больше, чем любой из американских штатов. Центр республики является одним из наименее солнечных городов России.",
  "answer": "Республика Саха (Якутия), Якутск",
  "img": "https://quizserver.vityazgroup.ru:8443/api/image/get/6442e567-5e28-49f9-aef8-49fc7edb9691.png",
  "video": "",
  "isActive": true,
  "__v": 0,
  "price": 2
},{
  "_id": {
    "$oid": "623adc57d4d7064b18a7fcc4"
  },
  "title": "Вопрос 4",
  "quiz": {
    "$oid": "623acfd275188a4016072deb"
  },
  "type": "question",
  "text": "Один из немногих субъектов РФ, который имеет общепризнанное и общеизвестное альтернативное название «Кузбасс». Область — самая густонаселённая часть Сибири и азиатской части России. ",
  "answer": "Кемеровская область, Кемерово",
  "img": "https://quizserver.vityazgroup.ru:8443/api/image/get/3a79dabc-7275-4091-a8d3-f44ddb6e10ab.png",
  "video": "",
  "isActive": true,
  "__v": 0,
  "price": 2
},{
  "_id": {
    "$oid": "623add24d4d7064b18a7fcc6"
  },
  "title": "Вопрос 5",
  "quiz": {
    "$oid": "623acfd275188a4016072deb"
  },
  "type": "question",
  "text": "ЮНЕСКО внесло исторический центр города в список мирового наследства, тут находится 140 объектов историко-культурного наследия. Именно здесь штаб-квартира «Золотого кольца России», популярнейшего туристического маршрута. Здесь же находится символический знак «Нулевой километр», отмечающий его начало.",
  "answer": "Ярославская область, Ярославль",
  "img": "https://quizserver.vityazgroup.ru:8443/api/image/get/e7b478a5-90c5-40cd-bf1f-8d9de0110e1c.png",
  "video": "",
  "isActive": true,
  "__v": 0,
  "price": 2
},{
  "_id": {
    "$oid": "623d8da0c49c86d05086d9f9"
  },
  "title": "Вопрос 6",
  "quiz": {
    "$oid": "623acfd275188a4016072deb"
  },
  "type": "question",
  "text": "Ровно половина этого города относится к Уралу, а половина — к Сибири. 200 лет назад здесь постоянно проходили среднеазиатские караваны верблюдов. ",
  "answer": "Челябинская область, Челябинск",
  "img": "https://quizserver.vityazgroup.ru:8443/api/image/get/0c3e92ec-32dd-47e5-923c-c7bcf301b008.png",
  "video": "",
  "isActive": true,
  "__v": 0,
  "price": 3
},{
  "_id": {
    "$oid": "623dad8b2ac7544c9888d777"
  },
  "title": "Вопрос 7",
  "quiz": {
    "$oid": "623acfd275188a4016072deb"
  },
  "type": "question",
  "text": "В этом регионе расположено озеро Самолтор, находящееся недалеко от слияния рек Вахи и Оби и напоминающее по форме сердце. Озеро стало знаменитым в 1965 году, когда было открыто нефтяное месторождение, одно из крупнейших в мире по запасам нефти. Вокруг озера расположено множество болот и мелких озер. ",
  "answer": "Ханты-Мансийский АО, Ханты-Мансийск",
  "img": "https://quizserver.vityazgroup.ru:8443/api/image/get/a1f99d81-652c-4110-af9d-eab100c985d5.png",
  "video": "",
  "isActive": true,
  "__v": 0,
  "price": 3
},{
  "_id": {
    "$oid": "624d8e7c95dee16a6e07ecc0"
  },
  "title": "Вопрос 8",
  "quiz": {
    "$oid": "623acfd275188a4016072deb"
  },
  "type": "question",
  "text": "Именно в этой области находится Селигер, огромное ледниковое озеро, площадь которого достигает 260 км².",
  "answer": "Тверская область, Тверь",
  "img": "https://quizserver.vityazgroup.ru:8443/api/image/get/8cbb4fa7-d980-4a3a-8406-fb5d2b47afc7.png",
  "video": "",
  "isActive": true,
  "__v": 0,
  "price": 1
},{
  "_id": {
    "$oid": "624d8e8f95dee16a6e07ecc4"
  },
  "title": "Вопрос 9",
  "quiz": {
    "$oid": "623acfd275188a4016072deb"
  },
  "type": "question",
  "text": "Один из самых солнечных городов России. Среднее количество солнечный дней — более 220, по этому показателю не уступает Сочи, Ялте, Сенегалу, Монако и Кипру. В 1918–1919 гг. город успел побыть столицей Российского государства. После Октябрьской революции он стал опорным пунктом Белой гвардии и был провозглашён новой столицей.",
  "answer": "Омская область, Омск",
  "img": "https://quizserver.vityazgroup.ru:8443/api/image/get/a7d7f7d3-4805-4858-8e34-0bf0c236c4eb.png",
  "video": "",
  "isActive": true,
  "__v": 0,
  "price": 2
},{
  "_id": {
    "$oid": "624d8ea695dee16a6e07ecc8"
  },
  "title": "Вопрос 10",
  "quiz": {
    "$oid": "623acfd275188a4016072deb"
  },
  "type": "question",
  "text": "Первый региональный город России (то есть исключая исторические столицы Москву и Санкт-Петербург), который достиг численности населения в 1,5 млн человек. Попадал в Книгу рекордов Гиннеса как самый быстрорастущий город-миллионник.",
  "answer": "Новосибирская область, Новосибирск",
  "img": "https://quizserver.vityazgroup.ru:8443/api/image/get/cbfa7e59-a7ed-4a18-8e68-9d97e7e40e60.png",
  "video": "",
  "isActive": true,
  "__v": 0,
  "price": 3
},{
  "_id": {
    "$oid": "624d8eba95dee16a6e07eccc"
  },
  "title": "Вопрос 11",
  "quiz": {
    "$oid": "623acfd275188a4016072deb"
  },
  "type": "question",
  "text": "Регион необычайной природной красоты. Здесь находится Сулакский каньон – один из самых глубоких в мире. Его максимальная высота над уровнем моря составляет 1920 м. Также в это регионе находится один из старейших ныне живущих городов мира – Дербент.  ",
  "answer": "Республика Дагестан, Махачкала",
  "img": "https://quizserver.vityazgroup.ru:8443/api/image/get/b17b8383-8fb2-45ab-a9df-4cab959b2baa.png",
  "video": "",
  "isActive": true,
  "__v": 0,
  "price": 2
},{
  "_id": {
    "$oid": "624d910095dee16a6e07ecda"
  },
  "title": "Вопрос 12",
  "quiz": {
    "$oid": "623acfd275188a4016072deb"
  },
  "type": "question",
  "text": "Здесь находится «Гора каменных идолов» или столбы выветривания, представляющих собой 7 скал, обработанных сильным ветром и морозом. Входят в 7 чудес России. Название народа и республики происходит от имени реки Камы, протекающей на территории региона.",
  "answer": "Республика Коми, Сыктывкар",
  "img": "https://quizserver.vityazgroup.ru:8443/api/image/get/c4626ff2-5b43-4a1a-a22b-04eb48b8e3e9.png",
  "video": "",
  "isActive": true,
  "__v": 0,
  "price": 3
},{
  "_id": {
    "$oid": "624d911095dee16a6e07ecde"
  },
  "title": "Вопрос 13",
  "quiz": {
    "$oid": "623acfd275188a4016072deb"
  },
  "type": "question",
  "text": "Коэффициент озерности республики считается одним из самых высоких в мире. Она существенно опережает такие озерные страны как Финляндию, Швецию или Канаду.",
  "answer": "Республика Карелия, Петрозаводск",
  "img": "https://quizserver.vityazgroup.ru:8443/api/image/get/0d0a9d81-f79c-4bd0-b79f-fd93143766dd.png",
  "video": "",
  "isActive": true,
  "__v": 0,
  "price": 1
},{
  "_id": {
    "$oid": "624d911f95dee16a6e07ece2"
  },
  "title": "Вопрос 14",
  "quiz": {
    "$oid": "623acfd275188a4016072deb"
  },
  "type": "question",
  "text": "Именно здесь находится самая высокая точка в России и всей Европы, западная вершина Эльбруса высотой в 5642 м. Приэльбрусье можно назвать одной огромной достопримечательностью региона, настолько много прекрасных и удивительных мест было создано здесь природой.",
  "answer": "Республика Кабардино-Балкария, Нальчик",
  "img": "https://quizserver.vityazgroup.ru:8443/api/image/get/543638c2-2a12-4af8-a172-ba8551f4b78a.png",
  "video": "",
  "isActive": true,
  "__v": 0,
  "price": 1
},{
  "_id": {
    "$oid": "624d913b95dee16a6e07ece6"
  },
  "title": "Вопрос 15",
  "quiz": {
    "$oid": "623acfd275188a4016072deb"
  },
  "type": "question",
  "text": " Этот регион закрыт. По закону для его посещения необходимо заранее оформлять разрешение, причём это касается не только иностранных граждан, но и россиян из других регионов. Знаменит своим суровым климатом и связанными с ним природными особенностями. На фоне многочисленных местных красот выделяется национальный парк Берингия, занимающий площадь в 1,8 млн га.\n",
  "answer": "Чукотский АО, Анадырь",
  "img": "https://quizserver.vityazgroup.ru:8443/api/image/get/abc5645d-c71f-4d45-a9f5-cdbe7e755418.png",
  "video": "",
  "isActive": true,
  "__v": 0,
  "price": 3
},{
  "_id": {
    "$oid": "624d914e95dee16a6e07ecea"
  },
  "title": "Вопрос 16",
  "quiz": {
    "$oid": "623acfd275188a4016072deb"
  },
  "type": "question",
  "text": "Тихие бухты и живописные острова, скалы и озера — этот регион настоящий туристический рай. Здесь находится самый большой действующий вулкан в мире — Ключевская Сопка. Его высота 4850 м. Также здесь расположено единственное в Евразии гейзерное поле.",
  "answer": "Камчатский край, Петропавловск-Камчатский",
  "img": "https://quizserver.vityazgroup.ru:8443/api/image/get/1bbaab7d-b0af-40db-b1df-7617557dc119.png",
  "video": "",
  "isActive": true,
  "__v": 0,
  "price": 1
},{
  "_id": {
    "$oid": "624d915d95dee16a6e07ecee"
  },
  "title": "Вопрос 17",
  "quiz": {
    "$oid": "623acfd275188a4016072deb"
  },
  "type": "question",
  "text": "Одной из особенностей региона являются минеральные источники. Кисловодск, Ессентуки, Железноводск, Минеральные Воды, Пятигорск — известны не только в России, но и во всем мире. ",
  "answer": "Ставропольский Край, Ставрополь",
  "img": "https://quizserver.vityazgroup.ru:8443/api/image/get/fb11b62e-bca4-4b7a-a9cb-0cf04089b191.png",
  "video": "",
  "isActive": true,
  "__v": 0,
  "price": 2
},{
  "_id": {
    "$oid": "624d917295dee16a6e07ecf2"
  },
  "title": "Вопрос 18",
  "quiz": {
    "$oid": "623acfd275188a4016072deb"
  },
  "type": "question",
  "text": "Здесь находится одно из самых загадочных явлений страны — Патомский кратер. Из густых зеленых лесов на склоне горы выступает гигантский серый известняковый конус высотой 40 м и диаметром 80 м. Посередине воронки поднимается 12-метровая горка. Кратер впечатляет и с высоты, и с земли. Изначально ученые предполагали, что кратер образовался вследствие падения метеорита. Исследования показали: необычная насыпь — результат извержения пород на поверхность земли.",
  "answer": "Иркутская область, Иркутск",
  "img": "https://quizserver.vityazgroup.ru:8443/api/image/get/a9e00452-d2ab-44f1-97bf-dce8b55a2825.png",
  "video": "",
  "isActive": true,
  "__v": 0,
  "price": 2
},{
  "_id": {
    "$oid": "624d917b95dee16a6e07ecf6"
  },
  "title": "Вопрос 19",
  "quiz": {
    "$oid": "623acfd275188a4016072deb"
  },
  "type": "question",
  "text": "Самый большой из южных городов России. Расположен сразу в двух частях света: южный берег Дона считается Азией, а северный — Европой.",
  "answer": "Ростовская область, Ростов-на-Дону",
  "img": "https://quizserver.vityazgroup.ru:8443/api/image/get/bd7cdc6d-3132-4a62-bb45-9272fbddc2a1.png",
  "video": "",
  "isActive": true,
  "__v": 0,
  "price": 1
},{
  "_id": {
    "$oid": "624d918995dee16a6e07ecfa"
  },
  "title": "Вопрос 20",
  "quiz": {
    "$oid": "623acfd275188a4016072deb"
  },
  "type": "question",
  "text": "Удивительный водный край. На его территории насчитывается более 13 000 больших и маленьких водоемов. Многие из них настолько древние, что служили местом обитания реликтовых животных. Каждую осень 250-300 лебедей и 1500-2000 диких уток ежегодно прилетают на Лебединое озеро в этот край. Малиновое озеро, которое многие специалисты вполне справедливо сравнивают с достоинствами Мёртвого моря, лежащего на границе Израиля, Иордании и Палестины, тоже находится здесь.",
  "answer": "Алтайский край, Барнаул",
  "img": "https://quizserver.vityazgroup.ru:8443/api/image/get/e74d6fa6-093f-4fb8-a6f4-843982f4400e.png",
  "video": "",
  "isActive": true,
  "__v": 0,
  "price": 3
},{
  "_id": {
    "$oid": "624d91b095dee16a6e07ecfe"
  },
  "title": "Вопрос 21",
  "quiz": {
    "$oid": "623acfd275188a4016072deb"
  },
  "type": "question",
  "text": "Кунгурская ледяная пещера – одна из самых известных и популярных туристических достопримечательностей Урала, является одной из главных «визитных карточек» региона.",
  "answer": "Пермский край, Пермь",
  "img": "https://quizserver.vityazgroup.ru:8443/api/image/get/22aac9b3-4093-4463-bc6d-205cf46d8a67.png",
  "video": "",
  "isActive": true,
  "__v": 0,
  "price": 2
},{
  "_id": {
    "$oid": "624d91be95dee16a6e07ed02"
  },
  "title": "Вопрос 22",
  "quiz": {
    "$oid": "623acfd275188a4016072deb"
  },
  "type": "question",
  "text": "Соленые озера, как правило, распространены в так называемом аридном климате – минимальное количество осадков при высоком испарении. Поэтому для Урала подобные явления достаточно редки. Эта область исключение, здесь расположилось одно из уникальных соленых озер – Медвежье озеро. ",
  "answer": "Курганская область, Курган",
  "img": "https://quizserver.vityazgroup.ru:8443/api/image/get/c63e118f-8da7-4ef8-8b5c-3d677aee0b42.png",
  "video": "",
  "isActive": true,
  "__v": 0,
  "price": 3
},{
  "_id": {
    "$oid": "624d91cf95dee16a6e07ed06"
  },
  "title": "Вопрос 23",
  "quiz": {
    "$oid": "623acfd275188a4016072deb"
  },
  "type": "question",
  "text": "Единственный регион России, который граничит одновременно с тремя иностранными государствами — Эстонией, Латвией и Республикой Беларусь.",
  "answer": "Псковская область, Псков",
  "img": "https://quizserver.vityazgroup.ru:8443/api/image/get/68c572ff-d092-4d09-9654-f69041a2b0f1.png",
  "video": "",
  "isActive": true,
  "__v": 0,
  "price": 1
},{
  "_id": {
    "$oid": "624d91df95dee16a6e07ed0a"
  },
  "title": "Вопрос 24",
  "quiz": {
    "$oid": "623acfd275188a4016072deb"
  },
  "type": "question",
  "text": "Огромная территория региона почти полностью расположена за Полярным кругом.",
  "answer": "Ненецкий АО, Нарьян-Мар",
  "img": "https://quizserver.vityazgroup.ru:8443/api/image/get/f32f865d-c5f1-456c-8a33-8eab8c663df4.png",
  "video": "",
  "isActive": true,
  "__v": 0,
  "price": 1
},{
  "_id": {
    "$oid": "624d91f195dee16a6e07ed0e"
  },
  "title": "Вопрос 25",
  "quiz": {
    "$oid": "623acfd275188a4016072deb"
  },
  "type": "question",
  "text": "Самый близко расположенный к Северному полюсу город. Здесь  расположен порт, зовущийся «воротами в Арктику».",
  "answer": "Мурманская область, Мурманск",
  "img": "https://quizserver.vityazgroup.ru:8443/api/image/get/447cf03f-744f-41c1-86f0-9c59963af210.png",
  "video": "",
  "isActive": true,
  "__v": 0,
  "price": 1
},{
  "_id": {
    "$oid": "624d920c95dee16a6e07ed12"
  },
  "title": "Вопрос 26",
  "quiz": {
    "$oid": "623acfd275188a4016072deb"
  },
  "type": "question",
  "text": "Обь — одна из самых длинных и полноводных рек в мире. Великая и могучая, она пересекает всю эту область с северо-запада на юго-восток, деля регион на две равные части. На юге области в Обь впадает её младшая сестра — река Томь.\n",
  "answer": "Томская область, Томск",
  "img": "https://quizserver.vityazgroup.ru:8443/api/image/get/0ce3dcf4-3091-4580-99ee-fa1c3cfac254.png",
  "video": "",
  "isActive": true,
  "__v": 0,
  "price": 2
},{
  "_id": {
    "$oid": "624d921995dee16a6e07ed16"
  },
  "title": "Вопрос 27",
  "quiz": {
    "$oid": "623acfd275188a4016072deb"
  },
  "type": "question",
  "text": "Эту республику по-другому называют «Теплая Сибирь». Летом она хорошо обогревается солнцем до +30⁰ С, зима здесь мягкая с преобладающими температурами -15⁰ С – 20⁰ С. 2/3 территории региона занимают горы Саяны.",
  "answer": "Республика Хакасия, Абакан",
  "img": "https://quizserver.vityazgroup.ru:8443/api/image/get/009be059-54c1-4f06-8768-07f5022ac598.png",
  "video": "",
  "isActive": true,
  "__v": 0,
  "price": 3
},{
  "_id": {
    "$oid": "624d922c95dee16a6e07ed1a"
  },
  "title": "Вопрос 28",
  "quiz": {
    "$oid": "623acfd275188a4016072deb"
  },
  "type": "question",
  "text": "В этой области находится самый маленький город России — Чекалин с населением на 2021 год 866 человек.",
  "answer": "Тульская область, Тула",
  "img": "https://quizserver.vityazgroup.ru:8443/api/image/get/85873f98-c30f-4cf7-a5b4-e331dab220c4.png",
  "video": "",
  "isActive": true,
  "__v": 0,
  "price": 3
},{
  "_id": {
    "$oid": "624d923a95dee16a6e07ed1e"
  },
  "title": "Вопрос 29",
  "quiz": {
    "$oid": "623acfd275188a4016072deb"
  },
  "type": "question",
  "text": "Регион находится на восточном берегу Байкала. По его территории протекает Селенга — крупная река длиной более 1000 км. Селенга является крупнейшим из притоков Байкала и именно она обеспечивает ему более половины годового стока воды, попадающего в озеро.",
  "answer": "Республика Бурятия, Улан-Удэ",
  "img": "https://quizserver.vityazgroup.ru:8443/api/image/get/b329aef6-d239-4b4d-871a-14f49a12e5d2.png",
  "video": "",
  "isActive": true,
  "__v": 0,
  "price": 3
},{
  "_id": {
    "$oid": "624d924495dee16a6e07ed22"
  },
  "title": "Вопрос 30",
  "quiz": {
    "$oid": "623acfd275188a4016072deb"
  },
  "type": "question",
  "text": "Это географический центр Кавказа. Южная часть региона граничит с Грузией, западная часть — с Северной Осетией, а восточная — с Чеченской Республикой.",
  "answer": "Республика Ингушетия, Магас",
  "img": "https://quizserver.vityazgroup.ru:8443/api/image/get/2c35b8ab-85e6-4354-8cde-9a532ee8d3c5.png",
  "video": "",
  "isActive": true,
  "__v": 0,
  "price": 2
},{
  "_id": {
    "$oid": "6256c5e9d6bfc3a381712395"
  },
  "title": "Вопрос 1",
  "quiz": {
    "$oid": "623ad0192094e309d6832f65"
  },
  "type": "question",
  "text": "Только здесь сохранился старинный промысел бортничество — это форма пчеловодства, при которой мед собирают с деревьев (обычно с сосен), а не на пасеке.",
  "answer": "Республика Башкортостан, Уфа",
  "img": "https://quizserver.vityazgroup.ru:8443/api/image/get/b361b4c9-4ec3-43cd-86ea-8c55569a8c0d.png",
  "video": "",
  "isActive": true,
  "__v": 0,
  "price": 3
},{
  "_id": {
    "$oid": "6256c600d6bfc3a381712399"
  },
  "title": "Вопрос 2",
  "quiz": {
    "$oid": "623ad0192094e309d6832f65"
  },
  "type": "question",
  "text": "Единственный во всей Европе регион, где в вопросах религии преобладает буддизм.",
  "answer": "Республика Калмыкия, Элиста",
  "img": "https://quizserver.vityazgroup.ru:8443/api/image/get/0ebf6eb3-12c8-4bc4-8d56-2404a0c9581c.png",
  "video": "",
  "isActive": true,
  "__v": 0,
  "price": 2
},{
  "_id": {
    "$oid": "6256c631d6bfc3a38171239d"
  },
  "title": "Вопрос 3",
  "quiz": {
    "$oid": "623ad0192094e309d6832f65"
  },
  "type": "question",
  "text": "Здесь находится одна из лучших смотровых площадок — Плато Бермамыт, с которой открывается панорамный великолепный вид на заснеженные живописные вершины Эльбруса.",
  "answer": "Республика Карачаево-Черкесия, Черкесск",
  "img": "https://quizserver.vityazgroup.ru:8443/api/image/get/c08d8b44-186d-4cb8-b3b2-6465831c0f0c.png",
  "video": "",
  "isActive": true,
  "__v": 0,
  "price": 1
},{
  "_id": {
    "$oid": "6256c644d6bfc3a3817123a1"
  },
  "title": "Вопрос 4",
  "quiz": {
    "$oid": "623ad0192094e309d6832f65"
  },
  "type": "question",
  "text": "Столица чак-чака и бешбармака. Здесь находится русская Пизанская башня. Символом города является барс.",
  "answer": "Республика Татарстан, Казань",
  "img": "https://quizserver.vityazgroup.ru:8443/api/image/get/58873a87-e3d4-4b86-aa90-ccacb4af98cb.png",
  "video": "",
  "isActive": true,
  "__v": 0,
  "price": 1
},{
  "_id": {
    "$oid": "6256c6b5d6bfc3a3817123a5"
  },
  "title": "Вопрос 5",
  "quiz": {
    "$oid": "623ad0192094e309d6832f65"
  },
  "type": "question",
  "text": "Сюда ведут только две автомобильные дороги из России и одна из Монголии.",
  "answer": "Республика Тыва (Тува), Кызыл",
  "img": "https://quizserver.vityazgroup.ru:8443/api/image/get/dad42613-2a61-4ff1-bd6b-eb4d4a1333d3.png",
  "video": "",
  "isActive": true,
  "__v": 0,
  "price": 2
},{
  "_id": {
    "$oid": "6256c6f1d6bfc3a3817123ad"
  },
  "title": "Вопрос 6",
  "quiz": {
    "$oid": "623ad0192094e309d6832f65"
  },
  "type": "question",
  "text": "Этот город отстраивался по плану, созданному учениками архитекторов Дж. Кваренги и К. Росси — творцов города Петра из камня — Санкт-Петербурга. Именно поэтому можно найти много сходств в этих двух городах.",
  "answer": "Алтайский край, Барнаул",
  "img": "https://quizserver.vityazgroup.ru:8443/api/image/get/05b8782f-807d-4c76-98b9-4a5768465984.png",
  "video": "",
  "isActive": true,
  "__v": 0,
  "price": 3
},{
  "_id": {
    "$oid": "6256c708d6bfc3a3817123b1"
  },
  "title": "Вопрос 7",
  "quiz": {
    "$oid": "623ad0192094e309d6832f65"
  },
  "type": "question",
  "text": "На языке коренного населения название полуострова, который занимает регион, означает «конец земли». Жители региона давно привыкли к соседству с буровыми вышками, продолжая, как и века назад, кочевать по тундре со стадами оленей.",
  "answer": "Ямало-Ненецкий АО, Салехард",
  "img": "https://quizserver.vityazgroup.ru:8443/api/image/get/12d173ab-5337-4cba-ab02-c704c7441bb8.png",
  "video": "",
  "isActive": true,
  "__v": 0,
  "price": 2
},{
  "_id": {
    "$oid": "6256c723d6bfc3a3817123b5"
  },
  "title": "Вопрос 8",
  "quiz": {
    "$oid": "623ad0192094e309d6832f65"
  },
  "type": "question",
  "text": "Купюра с изображением этого города является, по словам ее разработчиков, самой защищенной в мире.",
  "answer": "Ярославская область, Ярославль",
  "img": "https://quizserver.vityazgroup.ru:8443/api/image/get/75f49067-ef09-4e0f-b830-98a4f3126917.png",
  "video": "",
  "isActive": true,
  "__v": 0,
  "price": 1
},{
  "_id": {
    "$oid": "6256c741d6bfc3a3817123b9"
  },
  "title": "Вопрос 9",
  "quiz": {
    "$oid": "623ad0192094e309d6832f65"
  },
  "type": "question",
  "text": "Музей истории гвардейских воздушно-десантных войск, расположенный в этом областном центре, на данный момент является первым, единственным и самым крупным музеем подобного рода в мире.  В основном фонде музея находится 15 000 экспонатов, экспозиция насчитывает более 6500 тысяч объектов, а запасники музея, открытого с 1972 года, хранят около 50 000 артефактов, имеющих прямое отношение к истории воздушного десанта.",
  "answer": "Рязанская область, Рязань",
  "img": "https://quizserver.vityazgroup.ru:8443/api/image/get/4faf1f8c-d8fd-4271-b68a-cb3daa7894d4.png",
  "video": "",
  "isActive": true,
  "__v": 0,
  "price": 2
},{
  "_id": {
    "$oid": "6256c76fd6bfc3a3817123bd"
  },
  "title": "Вопрос 10",
  "quiz": {
    "$oid": "623ad0192094e309d6832f65"
  },
  "type": "question",
  "text": "Именно здесь проходит самый длинный троллейбусный маршрут на планете. Длина маршрута составляет 86 км.",
  "answer": "Ответ: Республика Крым, Симферополь",
  "img": "https://quizserver.vityazgroup.ru:8443/api/image/get/883fc31e-7845-4f70-9e7d-f332dc2131c0.png",
  "video": "",
  "isActive": true,
  "__v": 0,
  "price": 3
},{
  "_id": {
    "$oid": "6256c7a7d6bfc3a3817123c1"
  },
  "title": "Вопрос 11",
  "quiz": {
    "$oid": "623ad0192094e309d6832f65"
  },
  "type": "question",
  "text": "Деревянная игрушка, которую изготавливают местные умельцы, признана одним из 7 финно-угорских чудес света.",
  "answer": "Республика Мордовия, Саранск",
  "img": "https://quizserver.vityazgroup.ru:8443/api/image/get/f018d172-66e1-4467-8727-674596cb5c84.png",
  "video": "",
  "isActive": true,
  "__v": 0,
  "price": 2
},{
  "_id": {
    "$oid": "6256c7c3d6bfc3a3817123c5"
  },
  "title": "Вопрос 12",
  "quiz": {
    "$oid": "623ad0192094e309d6832f65"
  },
  "type": "question",
  "text": "Здесь находится Русский мост – самый крупный вантовый представитель во всем мире, непередаваемой красоты сооружение, приводящее в восторг каждого гостя города.",
  "answer": "Ответ: Приморский край, Владивосток",
  "img": "https://quizserver.vityazgroup.ru:8443/api/image/get/498319f3-c37e-444c-a22e-565f6c105860.png",
  "video": "",
  "isActive": true,
  "__v": 0,
  "price": 1
},{
  "_id": {
    "$oid": "6256c837d6bfc3a3817123c9"
  },
  "title": "Вопрос 13",
  "quiz": {
    "$oid": "623ad0192094e309d6832f65"
  },
  "type": "question",
  "text": "Родина российского триколора. Флаг был поднят на первом русском морском корабле «Святой Павел», который был спущен на воду на Соломбальской верфи в 1694 году.",
  "answer": "Архангельская область, Архангельск",
  "img": "https://quizserver.vityazgroup.ru:8443/api/image/get/61c96e0d-8b93-4fea-b71a-44a0700fae52.png",
  "video": "",
  "isActive": true,
  "__v": 0,
  "price": 3
},{
  "_id": {
    "$oid": "6256c9abd6bfc3a3817123d0"
  },
  "title": "Вопрос 14",
  "quiz": {
    "$oid": "623ad0192094e309d6832f65"
  },
  "type": "question",
  "text": "Здесь, в области славящейся своими арбузами и дынями, вывели гибрид этих двух растений, назвав его «лунным арбузом».",
  "answer": "Астраханская область, Астрахань",
  "img": "https://quizserver.vityazgroup.ru:8443/api/image/get/f104f587-3107-428d-a10b-b681a5e27071.png",
  "video": "",
  "isActive": true,
  "__v": 0,
  "price": 1
},{
  "_id": {
    "$oid": "6256c9c3d6bfc3a3817123e1"
  },
  "title": "Вопрос 15",
  "quiz": {
    "$oid": "623ad0192094e309d6832f65"
  },
  "type": "question",
  "text": "Здесь расположен один из известнейших парков мира — Парк-музей имени А.К. Толстого. Свою мировую известность он получил благодаря скульптурам из дерева. В 1982 году парк-музей им. А.К. Толстого был внесён в монографию «Парки мира», описывающую около 400 самых необычных парков всех континентов Земли.",
  "answer": "Брянская область, Брянск",
  "img": "https://quizserver.vityazgroup.ru:8443/api/image/get/d48f6de9-cab2-4ead-8ada-64d3531d0d92.png",
  "video": "",
  "isActive": true,
  "__v": 0,
  "price": 3
},{
  "_id": {
    "$oid": "6256c9dad6bfc3a3817123e5"
  },
  "title": "Вопрос 16",
  "quiz": {
    "$oid": "623ad0192094e309d6832f65"
  },
  "type": "question",
  "text": "Сосновый пень. Омут. Топкий. Дуб. Всё это переводы слов-версий происхождения названия административного центра региона. На гербе города изображены пчелы, а известен он, скорее, благодаря хищному лесному зверю.",
  "answer": "Тамбовская область, Тамбов",
  "img": "https://quizserver.vityazgroup.ru:8443/api/image/get/86445e8a-458e-47ae-b244-99bacf96d045.png",
  "video": "",
  "isActive": true,
  "__v": 0,
  "price": 1
},{
  "_id": {
    "$oid": "6256c9fbd6bfc3a3817123e9"
  },
  "title": "Вопрос 17",
  "quiz": {
    "$oid": "623ad0192094e309d6832f65"
  },
  "type": "question",
  "text": "Здесь находится самый глубокий метрополитен в мире. Его глубина достигает 100 м. В этом городе 2 000 библиотек, 221 музей, 100 концертных организаций, больше 80 театров, 80 клубов и домов культуры, 62 кинотеатра, 45 картинных галерей.",
  "answer": "Ленинградская область, Санкт-Петербург",
  "img": "https://quizserver.vityazgroup.ru:8443/api/image/get/028723ea-5c4f-4e44-891c-775d32958626.png",
  "video": "",
  "isActive": true,
  "__v": 0,
  "price": 1
},{
  "_id": {
    "$oid": "6256ca18d6bfc3a3817123f4"
  },
  "title": "Вопрос 18",
  "quiz": {
    "$oid": "623ad0192094e309d6832f65"
  },
  "type": "question",
  "text": "В центре региона на берегу Дона находится знаменитый заповедник «Галичья гора». Он занимает площадь около 230 га и является самым маленьким на территории России.",
  "answer": "Липецкая область, Липецк",
  "img": "https://quizserver.vityazgroup.ru:8443/api/image/get/3d3699ff-efa8-4a79-a529-7fea89a9bd69.png",
  "video": "",
  "isActive": true,
  "__v": 0,
  "price": 3
},{
  "_id": {
    "$oid": "6256ca3ad6bfc3a3817123f8"
  },
  "title": "Вопрос 19",
  "quiz": {
    "$oid": "623ad0192094e309d6832f65"
  },
  "type": "question",
  "text": "В этом городе есть большой фонтан, из которого бьёт питьевая вода. Фонтан входит в архитектурную группу «Александр и Натали» со скульптурной композицией Пушкина и Гончаровой в изящной ротонде.",
  "answer": "Московская область, Москва",
  "img": "https://quizserver.vityazgroup.ru:8443/api/image/get/8becd24a-266c-4613-97e4-50b615ecc415.png",
  "video": "",
  "isActive": true,
  "__v": 0,
  "price": 2
},{
  "_id": {
    "$oid": "6256ca88d6bfc3a3817123fc"
  },
  "title": "Вопрос 20",
  "quiz": {
    "$oid": "623ad0192094e309d6832f65"
  },
  "type": "question",
  "text": "Единственный в мире мегаполис, в центре которого сохранился лес. Городской бор находится буквально в десяти минутах ходьбы от главной площади города. Здесь растут реликтовые деревья, находится около 20 водоемов и бьют несколько целебных источников.",
  "answer": "Челябинская область, Челябинск",
  "img": "https://quizserver.vityazgroup.ru:8443/api/image/get/a3c14c2f-1d8c-456f-8432-5821d11df2c2.png",
  "video": "",
  "isActive": true,
  "__v": 0,
  "price": 3
},{
  "_id": {
    "$oid": "6256cab4d6bfc3a381712400"
  },
  "title": "Вопрос 21",
  "quiz": {
    "$oid": "623ad0192094e309d6832f65"
  },
  "type": "question",
  "text": "В языке этой республики нет слова «да». Согласие = повторение глагола.                                                                  Эсĕ килетĕн-и? — Килетĕп.                                                           Ты придешь? — Приду.",
  "answer": "Республика Чувашия, Чебоксары",
  "img": "https://quizserver.vityazgroup.ru:8443/api/image/get/29acf849-fd6f-4c85-ab18-afefe573ed3c.png",
  "video": "",
  "isActive": true,
  "__v": 0,
  "price": 3
},{
  "_id": {
    "$oid": "6256cacdd6bfc3a381712404"
  },
  "title": "Вопрос 22",
  "quiz": {
    "$oid": "623ad0192094e309d6832f65"
  },
  "type": "question",
  "text": "Знаменитые Золотые ворота — единственный сохранившийся вход в этот город из семи существовавших. Ворота выполняли не только защитную функцию, но и являлись триумфальной аркой, богато украшенной позолоченной медью.",
  "answer": "Владимирская область, Владимир",
  "img": "https://quizserver.vityazgroup.ru:8443/api/image/get/4cef70dd-84d3-43e4-80ba-4884e3fcc064.png",
  "video": "",
  "isActive": true,
  "__v": 0,
  "price": 2
},{
  "_id": {
    "$oid": "6256cae5d6bfc3a381712408"
  },
  "title": "Вопрос 23",
  "quiz": {
    "$oid": "623ad0192094e309d6832f65"
  },
  "type": "question",
  "text": "Здесь расположена самая длинная прямая улица в мире — Красный проспект.",
  "answer": "Новосибирская область, Новосибирск",
  "img": "https://quizserver.vityazgroup.ru:8443/api/image/get/ca3076ad-2000-4eed-8a77-800c971b383b.png",
  "video": "",
  "isActive": true,
  "__v": 0,
  "price": 2
},{
  "_id": {
    "$oid": "6256cb03d6bfc3a38171240c"
  },
  "title": "Вопрос 24",
  "quiz": {
    "$oid": "623ad0192094e309d6832f65"
  },
  "type": "question",
  "text": "Один из самых маленьких субъектов Российской Федерации, занимает всего 0,05% от общей площади России. Меньше лишь Ингушетия.",
  "answer": "Республика Адыгея, Майкоп",
  "img": "https://quizserver.vityazgroup.ru:8443/api/image/get/607828bc-9bd6-4496-8ff5-4d74a567a253.png",
  "video": "",
  "isActive": true,
  "__v": 0,
  "price": 1
},{
  "_id": {
    "$oid": "6256cb1ed6bfc3a381712410"
  },
  "title": "Вопрос 25",
  "quiz": {
    "$oid": "623ad0192094e309d6832f65"
  },
  "type": "question",
  "text": "Этот город является крупным портом, а также одним из самых удалённых от Европы крупных российских населённых пунктов.",
  "answer": "Магаданская область, Магадан",
  "img": "https://quizserver.vityazgroup.ru:8443/api/image/get/9eb43b89-7976-46e9-a911-28d5d1ea8e2a.png",
  "video": "",
  "isActive": true,
  "__v": 0,
  "price": 1
},{
  "_id": {
    "$oid": "6256cb3bd6bfc3a381712414"
  },
  "title": "Вопрос 26",
  "quiz": {
    "$oid": "623ad0192094e309d6832f65"
  },
  "type": "question",
  "text": "В этом городе расположен самый высокий памятник Ленину. Общая высота памятника 57 м, он занесен в Книгу рекордов Гиннесса.",
  "answer": "Волгоградская область, Волгоград",
  "img": "https://quizserver.vityazgroup.ru:8443/api/image/get/19d4648e-2bfb-408d-89ff-5011a59d5f1d.png",
  "video": "",
  "isActive": true,
  "__v": 0,
  "price": 3
},{
  "_id": {
    "$oid": "6256cb59d6bfc3a381712418"
  },
  "title": "Вопрос 27",
  "quiz": {
    "$oid": "623ad0192094e309d6832f65"
  },
  "type": "question",
  "text": "Здесь построено самое высокое здание вокзала. Это современное сооружение из стекла и бетона имеет высоту около 90 м вместе со шпилем.",
  "answer": "Самарская область, Самара",
  "img": "https://quizserver.vityazgroup.ru:8443/api/image/get/6ece8c63-7e45-4038-a9bc-2f88ea8436e2.png",
  "video": "",
  "isActive": true,
  "__v": 0,
  "price": 3
},{
  "_id": {
    "$oid": "6256cb7ad6bfc3a38171241c"
  },
  "title": "Вопрос 28",
  "quiz": {
    "$oid": "623ad0192094e309d6832f65"
  },
  "type": "question",
  "text": "Этот город изображен на 5 000 купюре. Лицевая сторона — памятник, посвященный генерал-губернатору восточной Сибири, графу Николаю Николаевичу Муравьев-Амурскому. Именно он дал начало возвращению Амура, который был отдан Китаю в 1689 году. Оборотная сторона изображает Царский амурский мост длиной 2 700 м.",
  "answer": "Хабаровский край, Хабаровск",
  "img": "https://quizserver.vityazgroup.ru:8443/api/image/get/e010de2b-a10c-4c8e-a4ea-e576078eb8f7.png",
  "video": "",
  "isActive": true,
  "__v": 0,
  "price": 1
},{
  "_id": {
    "$oid": "6256cb9dd6bfc3a381712420"
  },
  "title": "Вопрос 29",
  "quiz": {
    "$oid": "623ad0192094e309d6832f65"
  },
  "type": "question",
  "text": "Татарский пролив отделяет эту область от Евразии. Даже в самой своей южной части 40-80 дней в году пролив покрыт льдом. В северной части «ледяной» период может длиться до 170 дней. Ледовая обстановка в Татарском проливе так осложнила его изучение, что картографы долгое время спорили, заливом или проливом является этот географический объект. ",
  "answer": "Сахалинская область, Южно-Сахалинск",
  "img": "https://quizserver.vityazgroup.ru:8443/api/image/get/563ca688-1e24-4923-964f-a237b45ead75.png",
  "video": "",
  "isActive": true,
  "__v": 0,
  "price": 2
},{
  "_id": {
    "$oid": "6256cbb8d6bfc3a381712424"
  },
  "title": "Вопрос 30",
  "quiz": {
    "$oid": "623ad0192094e309d6832f65"
  },
  "type": "question",
  "text": "Здесь находится самая большая мечеть в Европе. Она вмещает до 30000 человек, а прилегающая территория — до 70000. Величественная мечеть построена в стиле, сочетающем в себе арабский, персидский, среднеазиатский и византийский мотивы.",
  "answer": "Республика Чечня, Грозный",
  "img": "https://quizserver.vityazgroup.ru:8443/api/image/get/59ad94c7-9035-4717-a380-d61a2361d867.png",
  "video": "",
  "isActive": true,
  "__v": 0,
  "price": 2
},{
  "_id": {
    "$oid": "6256cbf5d6bfc3a381712485"
  },
  "title": "Вопрос 1",
  "quiz": {
    "$oid": "623ad0352094e309d6832f69"
  },
  "type": "question",
  "text": "В 2016 году в этом городе был открыт первый в России памятник первому русскому царю Ивану IV Грозному. Из-за неоднозначного отношения к личности Ивана Грозного открытие данного памятника стало событием мирового масштаба – о нём писали западные СМИ, церемонию открытия в прямом эфире транслировали федеральные каналы.",
  "answer": "Орловская область, Орел",
  "img": "https://quizserver.vityazgroup.ru:8443/api/image/get/684ab1c5-f655-4608-8c0a-2758c3ef80af.png",
  "video": "",
  "isActive": true,
  "__v": 0,
  "price": 3
},{
  "_id": {
    "$oid": "6256cc1ad6bfc3a38171248d"
  },
  "title": "Вопрос 2",
  "quiz": {
    "$oid": "623ad0352094e309d6832f69"
  },
  "type": "question",
  "text": "Регион прочно связан с памятью о Лермонтове, который был убит здесь на дуэли. Выдающемуся поэту и прозаику посвящены музей, в его честь названы парки и гроты.",
  "answer": "Ставропольский край, Ставрополь",
  "img": "https://quizserver.vityazgroup.ru:8443/api/image/get/b1d74711-f895-415a-a7ed-dfa71af09d13.png",
  "video": "",
  "isActive": true,
  "__v": 0,
  "price": 2
},{
  "_id": {
    "$oid": "6256cc43d6bfc3a381712491"
  },
  "title": "Вопрос 3",
  "quiz": {
    "$oid": "623ad0352094e309d6832f69"
  },
  "type": "question",
  "text": "Во время своего кругосветного плавания Крузенштерн, исследуя побережье этого острова, встретил обширную мель. При попытке пройти между островом и материком сделал заключение, что это – полуостров. Исправил ошибку Крузенштерна Невельский в 1849 г., обойдя устье Амура, и спустившись до 52 с.ш. ",
  "answer": "Сахалинская область, Южно-Сахалинск",
  "img": "https://quizserver.vityazgroup.ru:8443/api/image/get/c886785f-354d-4e29-a080-eed061484811.png",
  "video": "",
  "isActive": true,
  "__v": 0,
  "price": 3
},{
  "_id": {
    "$oid": "6256cc5fd6bfc3a381712495"
  },
  "title": "Вопрос 4",
  "quiz": {
    "$oid": "623ad0352094e309d6832f69"
  },
  "type": "question",
  "text": "Уникальный город буквально пропитан историей. Расположенный на европейских землях, он вошёл в состав СССР после окончания Второй Мировой войны, и в нём до сих пор сохранилось немало европейских черт.",
  "answer": "Калининградская область, Калининград",
  "img": "https://quizserver.vityazgroup.ru:8443/api/image/get/2dfce676-6716-44e3-98df-9046a308c1fd.png",
  "video": "",
  "isActive": true,
  "__v": 0,
  "price": 1
},{
  "_id": {
    "$oid": "6256cc78d6bfc3a381712499"
  },
  "title": "Вопрос 5",
  "quiz": {
    "$oid": "623ad0352094e309d6832f69"
  },
  "type": "question",
  "text": "За свою историю город пять раз выгорал практически дотла, причем два пожара произошли с разницей всего в несколько лет. В 1967 году в городе при участии С.П. Королёва и Ю.А. Гагарина здесь открыт первый в мире Музей космонавтики.",
  "answer": "Калужская область, Калуга",
  "img": "https://quizserver.vityazgroup.ru:8443/api/image/get/77dfd073-29b9-428d-8700-eea1bfcc6c96.png",
  "video": "",
  "isActive": true,
  "__v": 0,
  "price": 1
},{
  "_id": {
    "$oid": "6256ccabd6bfc3a38171249d"
  },
  "title": "Вопрос 6",
  "quiz": {
    "$oid": "623ad0352094e309d6832f69"
  },
  "type": "question",
  "text": "На территории области 18 сентября 1984 года примерно в 100 км от административного центра был произведен подземный мирный ядерный взрыв мощностью 10 килотонн.",
  "answer": "Кемеровская область, Кемерово",
  "img": "https://quizserver.vityazgroup.ru:8443/api/image/get/9fec49ae-4824-4051-9734-5beca30c6132.png",
  "video": "",
  "isActive": true,
  "__v": 0,
  "price": 3
},{
  "_id": {
    "$oid": "6256cd4fd6bfc3a3817124a1"
  },
  "title": "Вопрос 7",
  "quiz": {
    "$oid": "623ad0352094e309d6832f69"
  },
  "type": "question",
  "text": "Колыбель династии Романовых, родина выдающегося Николая Островского и легендарного Ивана Сусанина, место проживания сказочной Снегурочки.",
  "answer": "Костромская область, Кострома",
  "img": "https://quizserver.vityazgroup.ru:8443/api/image/get/17ff7119-e916-47e6-b0cc-eb5a8987de07.png",
  "video": "",
  "isActive": true,
  "__v": 0,
  "price": 2
},{
  "_id": {
    "$oid": "6256cda8d6bfc3a3817124b5"
  },
  "title": "Вопрос 8",
  "quiz": {
    "$oid": "623ad0352094e309d6832f69"
  },
  "type": "question",
  "text": "Все российские и советские космонавты отправлялись в космос благодаря ракетам, сконструированным в этом городе. Именно здесь в 1957 году под руководством ведущего конструктора Д.И. Козлова была создана первая в мире двухступенчатая межконтинентальная баллистическая ракета Р-7. Тяговые движки ракеты-носителя Р-7, поднявшие космический аппарат «Восток-1» с Юрием Гагариным, были сделаны в этой области.",
  "answer": "Самарская область, Самара",
  "img": "https://quizserver.vityazgroup.ru:8443/api/image/get/5265c23a-ba8e-4cc7-8874-d31cf7ea009e.png",
  "video": "",
  "isActive": true,
  "__v": 0,
  "price": 2
},{
  "_id": {
    "$oid": "6256cdcdd6bfc3a3817124b9"
  },
  "title": "Вопрос 9",
  "quiz": {
    "$oid": "623ad0352094e309d6832f69"
  },
  "type": "question",
  "text": "Одним из самых известных уроженцев этого региона является знаменитый во всем мире композитор П.И. Чайковский. Здесь с 1958 года проводят фестиваль «На Родине П.И. Чайковского», который ежегодно становится самым значимым культурным событием в регионе. ",
  "answer": "Республика Удмуртия, Ижевск",
  "img": "https://quizserver.vityazgroup.ru:8443/api/image/get/da423d1f-d1b3-4c11-b120-184a662cdd12.png",
  "video": "",
  "isActive": true,
  "__v": 0,
  "price": 3
},{
  "_id": {
    "$oid": "6256cde3d6bfc3a3817124bd"
  },
  "title": "Вопрос 10",
  "quiz": {
    "$oid": "623ad0352094e309d6832f69"
  },
  "type": "question",
  "text": "На территории этой современной области России, бывшей в 1895 году губернией, Исаак Левитан написал один из лучших своих пейзажей — «Золотая осень».",
  "answer": "Тверская область, Тверь",
  "img": "https://quizserver.vityazgroup.ru:8443/api/image/get/b3494dcd-9818-47a3-af8f-3c7acd266dfd.png",
  "video": "",
  "isActive": true,
  "__v": 0,
  "price": 2
},{
  "_id": {
    "$oid": "6256ce20d6bfc3a3817124c1"
  },
  "title": "Вопрос 11",
  "quiz": {
    "$oid": "623ad0352094e309d6832f69"
  },
  "type": "question",
  "text": "Город, который был заложен по указу первого российского императора Петра I и в котором трагически погиб последний российский император Николай II.",
  "answer": "Свердловская область, Екатеринбург",
  "img": "https://quizserver.vityazgroup.ru:8443/api/image/get/e37a80ea-cfcc-4612-82fc-7d99d11bd768.png",
  "video": "",
  "isActive": true,
  "__v": 0,
  "price": 1
},{
  "_id": {
    "$oid": "6256ce38d6bfc3a3817124c5"
  },
  "title": "Вопрос 12",
  "quiz": {
    "$oid": "623ad0352094e309d6832f69"
  },
  "type": "question",
  "text": "Первый русский город в Сибири. Он был основан в 1586 году. Ранее здесь располагался город Чинги-Тура, столица могущественного в XV–XVI веках Сибирского ханства.",
  "answer": "Тюменская область, Тюмень",
  "img": "https://quizserver.vityazgroup.ru:8443/api/image/get/c6581ee0-9c8c-4737-8bef-0ce78304bd3e.png",
  "video": "",
  "isActive": true,
  "__v": 0,
  "price": 1
},{
  "_id": {
    "$oid": "6256ce5cd6bfc3a3817124c9"
  },
  "title": "Вопрос 13",
  "quiz": {
    "$oid": "623ad0352094e309d6832f69"
  },
  "type": "question",
  "text": "Этот город был основан по царскому приказу в 1648 году как крепость Синбирск. Здесь родился и провел детство В.И. Ленин, в честь которого в 1924 году город был переименован и носит это название по сей день. ",
  "answer": "Ульяновская область, Ульяновск",
  "img": "https://quizserver.vityazgroup.ru:8443/api/image/get/675a44cf-826f-4f21-9607-d606416b720a.png",
  "video": "",
  "isActive": true,
  "__v": 0,
  "price": 1
},{
  "_id": {
    "$oid": "6256ce7cd6bfc3a3817124cd"
  },
  "title": "Вопрос 14",
  "quiz": {
    "$oid": "623ad0352094e309d6832f69"
  },
  "type": "question",
  "text": "Один из древнейших городов России, расположенный на северо-западе страны на реке Волхов. Это центр зарождения русской государственности и столица одной из первых европейских демократий. Область сохранила уникальные древнерусские памятники, включённые в список объектов Всемирного наследия ЮНЕСКО.",
  "answer": "Новгородская область, Великий Новгород",
  "img": "https://quizserver.vityazgroup.ru:8443/api/image/get/66c38953-424d-4a48-bf35-73beda7916db.png",
  "video": "",
  "isActive": true,
  "__v": 0,
  "price": 2
},{
  "_id": {
    "$oid": "6256ce94d6bfc3a3817124d1"
  },
  "title": "Вопрос 15",
  "quiz": {
    "$oid": "623ad0352094e309d6832f69"
  },
  "type": "question",
  "text": "При основание город носил название — Вятка, жителей города часто называют «вятичи».",
  "answer": "Кировская область, Киров",
  "img": "https://quizserver.vityazgroup.ru:8443/api/image/get/24f6ebd9-646a-471e-9746-8e9f61d9987c.png",
  "video": "",
  "isActive": true,
  "__v": 0,
  "price": 2
},{
  "_id": {
    "$oid": "6256cebed6bfc3a3817124d5"
  },
  "title": "Вопрос 16",
  "quiz": {
    "$oid": "623ad0352094e309d6832f69"
  },
  "type": "question",
  "text": "Область является родиной одноименного сливочного масла. А изобрел его Николай Васильевич Верещагин, старший брат известного художника Василия Верещагина. Интересно, что сам Верещагин назвал свое масло «парижским», а иностранцы звали его «петербургским».",
  "answer": "Вологодская область, Вологда",
  "img": "https://quizserver.vityazgroup.ru:8443/api/image/get/c4464e08-4d63-4ccd-869d-778e2214fc4a.png",
  "video": "",
  "isActive": true,
  "__v": 0,
  "price": 1
},{
  "_id": {
    "$oid": "6256ceddd6bfc3a3817124d9"
  },
  "title": "Вопрос 17",
  "quiz": {
    "$oid": "623ad0352094e309d6832f69"
  },
  "type": "question",
  "text": "Именно отсюда началась история российского флота. Здесь был заложен первый российский корабль с легкой руки царя-реформатора Петра Великого, и город бережно хранит память о тех событиях.",
  "answer": "Воронежская область, Воронеж",
  "img": "https://quizserver.vityazgroup.ru:8443/api/image/get/dc0cb57a-57c7-464d-af0c-be2356281b70.png",
  "video": "",
  "isActive": true,
  "__v": 0,
  "price": 1
},{
  "_id": {
    "$oid": "6256cef8d6bfc3a3817124dd"
  },
  "title": "Вопрос 18",
  "quiz": {
    "$oid": "623ad0352094e309d6832f69"
  },
  "type": "question",
  "text": "Единственный в России город, не имеющий четкой даты основания, хотя достоверно известно, что ему не менее тысячи лет. Археологи до сих пор спорят о возрасте, но официально годом основания пока остается 1005 год.",
  "answer": "Республика Татарстан, Казань",
  "img": "https://quizserver.vityazgroup.ru:8443/api/image/get/6c1cce4f-701c-4060-af43-73d8fbb906f3.png",
  "video": "",
  "isActive": true,
  "__v": 0,
  "price": 2
},{
  "_id": {
    "$oid": "6256cff1d6bfc3a3817124e1"
  },
  "title": "Вопрос 19",
  "quiz": {
    "$oid": "623ad0352094e309d6832f69"
  },
  "type": "question",
  "text": "В этой области родился известный русский поэт, лирик, яркий представитель крестьянской поэзии — Сергей  Есенин.\n",
  "answer": "Рязанская область, Рязань",
  "img": "https://quizserver.vityazgroup.ru:8443/api/image/get/c26f09a8-faeb-412e-981d-8b6a6f0d72b5.png",
  "video": "",
  "isActive": true,
  "__v": 0,
  "price": 1
},{
  "_id": {
    "$oid": "6256d014d6bfc3a3817124e5"
  },
  "title": "Вопрос 20",
  "quiz": {
    "$oid": "623ad0352094e309d6832f69"
  },
  "type": "question",
  "text": "7 октября 1932 года город был переименован в Горький, в ознаменование 40-летней литературной деятельности советского писателя Максима Горького, уроженца этого города. 22 октября 1990 года городу было возвращено историческое название.",
  "answer": "Нижегородская область, Нижний Новгород",
  "img": "https://quizserver.vityazgroup.ru:8443/api/image/get/b15e2ce5-7d8b-448d-a0ed-689191247490.png",
  "video": "",
  "isActive": true,
  "__v": 0,
  "price": 2
},{
  "_id": {
    "$oid": "6256d03cd6bfc3a3817124e9"
  },
  "title": "Вопрос 21",
  "quiz": {
    "$oid": "623ad0352094e309d6832f69"
  },
  "type": "question",
  "text": "Название этот город получил в честь одноимённой реки, протекающей через него. А она, в свою очередь, имеет две версии происхождения названия. По одной версии, оно происходит от финских слов, в переводе означающих «медведь» и «вода», а по второй версии, с древнеславянского название означает «сырость» или «мокро».",
  "answer": "Московская область, Москва",
  "img": "https://quizserver.vityazgroup.ru:8443/api/image/get/8600ea82-c686-49ff-bf96-144fe01e6505.png",
  "video": "",
  "isActive": true,
  "__v": 0,
  "price": 3
},{
  "_id": {
    "$oid": "6256d069d6bfc3a3817124ed"
  },
  "title": "Вопрос 22",
  "quiz": {
    "$oid": "623ad0352094e309d6832f69"
  },
  "type": "question",
  "text": "В этом регионе родился Министр обороны РФ — Сергей Шойгу. Свое детство и молодость советский и российский государственный деятель, Герой РФ, Заслуженный спасатель РФ провел именно здесь.",
  "answer": "Республика Тыва (Тува), Кызыл",
  "img": "https://quizserver.vityazgroup.ru:8443/api/image/get/50591916-3f3f-4ad7-aace-9f5c5371bd29.png",
  "video": "",
  "isActive": true,
  "__v": 0,
  "price": 3
},{
  "_id": {
    "$oid": "6256d094d6bfc3a3817124f1"
  },
  "title": "Вопрос 23",
  "quiz": {
    "$oid": "623ad0352094e309d6832f69"
  },
  "type": "question",
  "text": "Отсюда великий русский учёный Михаил Васильевич Ломоносов начал свой путь в Москву протяженностью 1168 км.",
  "answer": "Архангельская область, Архангельск",
  "img": "https://quizserver.vityazgroup.ru:8443/api/image/get/7a40a8b6-51ea-4db8-8fd0-70e9e88867a3.png",
  "video": "",
  "isActive": true,
  "__v": 0,
  "price": 1
},{
  "_id": {
    "$oid": "6256d0b2d6bfc3a3817124f5"
  },
  "title": "Вопрос 24",
  "quiz": {
    "$oid": "623ad0352094e309d6832f69"
  },
  "type": "question",
  "text": "Самая знаменитая уроженка этой области — Святая  равноапостольная княгиня Ольга, ее родина — село Выбуты на р. Великой. В 903 г. стала супругой князя Игоря, а после убийства мужа племенем древлян в 946 г. стала править сама из-за малолетства сына Святослава. ",
  "answer": "Псковская область, Псков",
  "img": "https://quizserver.vityazgroup.ru:8443/api/image/get/3c8d110a-6ddd-4cd6-b898-ba13317a78e5.png",
  "video": "",
  "isActive": true,
  "__v": 0,
  "price": 2
},{
  "_id": {
    "$oid": "6256d0d5d6bfc3a3817124f9"
  },
  "title": "Вопрос 25",
  "quiz": {
    "$oid": "623ad0352094e309d6832f69"
  },
  "type": "question",
  "text": "Здесь находится одно из главных исторических мест России, Даргавс — город мертвых. Местность, где располагается город, была заселена с эпохи бронзового века. Здесь обнаружено большое количество археологических памятников, в том числе аланский могильник конца I тысячелетия нашей эры.",
  "answer": "Республика Северная Осетия, Владикавказ",
  "img": "https://quizserver.vityazgroup.ru:8443/api/image/get/a57574ed-c5ab-4af2-a229-48830e093ca6.png",
  "video": "",
  "isActive": true,
  "__v": 0,
  "price": 3
},{
  "_id": {
    "$oid": "6256d0e8d6bfc3a3817124fd"
  },
  "title": "Вопрос 26",
  "quiz": {
    "$oid": "623ad0352094e309d6832f69"
  },
  "type": "question",
  "text": "Между Царским селом и этим городом была построена первая железная дорога России в 1836 году.",
  "answer": "Ленинградская область, Санкт-Петербург",
  "img": "https://quizserver.vityazgroup.ru:8443/api/image/get/11b91f6c-7c7b-46ec-9c6b-cf99ec0091b4.png",
  "video": "",
  "isActive": true,
  "__v": 0,
  "price": 1
},{
  "_id": {
    "$oid": "6256d108d6bfc3a381712501"
  },
  "title": "Вопрос 27",
  "quiz": {
    "$oid": "623ad0352094e309d6832f69"
  },
  "type": "question",
  "text": "25 декабря 1873 года цирковыми предпринимателями и артистами братьями Никитиными здесь был основан цирк. Это был первый стационарный цирк в России.",
  "answer": "Пензенская область, Пенза",
  "img": "https://quizserver.vityazgroup.ru:8443/api/image/get/01224a08-58d0-49ed-8a4c-7bd6aff847c4.png",
  "video": "",
  "isActive": true,
  "__v": 0,
  "price": 3
},{
  "_id": {
    "$oid": "6256d129d6bfc3a381712505"
  },
  "title": "Вопрос 28",
  "quiz": {
    "$oid": "623ad0352094e309d6832f69"
  },
  "type": "question",
  "text": "Здесь родился Иван Айвазовский — один из величайших художников-маринистов всех времен, коллекционер, меценат, академик. За все время своего творчества он написал около 1000 картин. На всех в основном изображено море, которым он любовался с самого детства.",
  "answer": "Республика Крым, Симферополь",
  "img": "https://quizserver.vityazgroup.ru:8443/api/image/get/205f2948-0ac6-4141-9a15-20f30c683fb3.png",
  "video": "",
  "isActive": true,
  "__v": 0,
  "price": 3
},{
  "_id": {
    "$oid": "6256d13ed6bfc3a381712509"
  },
  "title": "Вопрос 29",
  "quiz": {
    "$oid": "623ad0352094e309d6832f69"
  },
  "type": "question",
  "text": "Несет почетное звание города-героя, именно здесь проходила Сталинградская битва. У города было несколько других названий, с 1589 года по 1925 год он назывался Царицын. С 1925 года по 1961 год город назывался Сталинград. Главная достопримечательность города — это Мамаев курган, о нем знают не только в России, но и во всем мире. ",
  "answer": "Волгоградская область, Волгоград",
  "img": "https://quizserver.vityazgroup.ru:8443/api/image/get/58e91da9-c12d-40a4-94c0-ce974f2bdd8f.png",
  "video": "",
  "isActive": true,
  "__v": 0,
  "price": 2
},{
  "_id": {
    "$oid": "6256d151d6bfc3a38171250d"
  },
  "title": "Вопрос 30",
  "quiz": {
    "$oid": "623ad0352094e309d6832f69"
  },
  "type": "question",
  "text": "В этом регионе находится государственный мемориальный историко-художественный и природный музей-заповедник Василия Дмитриевича Поленова —  рыцаря пейзажного образа.",
  "answer": "Тульская область, Тула",
  "img": "https://quizserver.vityazgroup.ru:8443/api/image/get/15044db7-3544-4e9d-bdd3-3920efe7267e.png",
  "video": "",
  "isActive": true,
  "__v": 0,
  "price": 3
},{
  "_id": {
    "$oid": "6256d191d6bfc3a38171256e"
  },
  "title": "Вопрос 1",
  "quiz": {
    "$oid": "623c202c86036d77b3a6bfe4"
  },
  "type": "question",
  "text": "Здесь в 1925 году была основана кондитерская фабрика и изначально она представляла собой небольшое производство карамели. В дальнейшем рос и ассортимент, и объемы выпускаемой продукции. Самые популярные конфеты фабрики: «Трюфели», «Красная Шапочка», «Ромашка», «Петушок», «Птичье молоко».",
  "answer": "Пензенская область, Пенза",
  "img": "https://quizserver.vityazgroup.ru:8443/api/image/get/907e104c-0d88-4559-9098-324b19c84388.png",
  "video": "",
  "isActive": true,
  "__v": 0,
  "price": 3
},{
  "_id": {
    "$oid": "6256d1d1d6bfc3a381712574"
  },
  "title": "Вопрос 2",
  "quiz": {
    "$oid": "623c202c86036d77b3a6bfe4"
  },
  "type": "question",
  "text": "Занимает первое в России место по производству сахарной свеклы. Свеклоперерабатывающий завод области — единственный работающий за Уралом. ",
  "answer": "Республика Алтай, Горно-Алтайск",
  "img": "https://quizserver.vityazgroup.ru:8443/api/image/get/2744010a-7f95-4e98-b11d-ee7821459465.png",
  "video": "",
  "isActive": true,
  "__v": 0,
  "price": 3
},{
  "_id": {
    "$oid": "6256d1e9d6bfc3a381712578"
  },
  "title": "Вопрос 3",
  "quiz": {
    "$oid": "623c202c86036d77b3a6bfe4"
  },
  "type": "question",
  "text": "Ежегодно здесь выращивается порядка 30 млн роз. Как следствие, каждая 10-ая роза, продающаяся в России, выращена в этом регионе.",
  "answer": "Республика Мордовия, Саранск",
  "img": "https://quizserver.vityazgroup.ru:8443/api/image/get/392ee552-065f-4234-9911-ae83d1c3327b.png",
  "video": "",
  "isActive": true,
  "__v": 0,
  "price": 3
},{
  "_id": {
    "$oid": "6256d207d6bfc3a38171257c"
  },
  "title": "Вопрос 4",
  "quiz": {
    "$oid": "623c202c86036d77b3a6bfe4"
  },
  "type": "question",
  "text": "Здесь находится первый гражданский космодром России и самый современный космодром в мире.",
  "answer": "Хабаровский край, Хабаровск",
  "img": "https://quizserver.vityazgroup.ru:8443/api/image/get/886d9702-fc89-4356-b496-01105948a79c.png",
  "video": "",
  "isActive": true,
  "__v": 0,
  "price": 2
},{
  "_id": {
    "$oid": "6256d238d6bfc3a381712580"
  },
  "title": "Вопрос 5",
  "quiz": {
    "$oid": "623c202c86036d77b3a6bfe4"
  },
  "type": "question",
  "text": "Территория области когда-то была дном древнего океана, поэтому её почва изобилует меловыми отложениями. Отсюда и название города.",
  "answer": "Белгородская область, Белгород",
  "img": "https://quizserver.vityazgroup.ru:8443/api/image/get/ee7d9c57-6331-4212-808f-4392b214d437.png",
  "video": "",
  "isActive": true,
  "__v": 0,
  "price": 1
},{
  "_id": {
    "$oid": "6256d26ed6bfc3a381712584"
  },
  "title": "Вопрос 6",
  "quiz": {
    "$oid": "623c202c86036d77b3a6bfe4"
  },
  "type": "question",
  "text": "Оружейная столица России. Город строился вокруг заводов и вырос благодаря машиностроению и металлургии. Особую известность городу принес выпуск знаменитых автоматов Калашникова. ",
  "answer": "Республика Удмуртия, Ижевск",
  "img": "https://quizserver.vityazgroup.ru:8443/api/image/get/dbef286d-67b2-4eae-b167-8b70f24bdf83.png",
  "video": "",
  "isActive": true,
  "__v": 0,
  "price": 1
},{
  "_id": {
    "$oid": "6256d2c6d6bfc3a381712588"
  },
  "title": "Вопрос 7",
  "quiz": {
    "$oid": "623c202c86036d77b3a6bfe4"
  },
  "type": "question",
  "text": "Старейший нефтедобывающий район России, родина отечественной нефтяной промышленности. Добыча нефти здесь началась в 1864 году.",
  "answer": "Краснодарский край, Краснодар",
  "img": "https://quizserver.vityazgroup.ru:8443/api/image/get/575270fa-e309-4e25-b7eb-37988e72a105.png",
  "video": "",
  "isActive": true,
  "__v": 0,
  "price": 2
},{
  "_id": {
    "$oid": "6256d2e5d6bfc3a38171258c"
  },
  "title": "Вопрос 8",
  "quiz": {
    "$oid": "623c202c86036d77b3a6bfe4"
  },
  "type": "question",
  "text": "Самая металлическая область России. Город, являющийся административным центром области, первый в России, где нашли и начали добывать рудное золото.",
  "answer": "Свердловская область, Екатеринбург",
  "img": "https://quizserver.vityazgroup.ru:8443/api/image/get/67517fe6-4197-493b-b09c-2cc2364b4b1c.png",
  "video": "",
  "isActive": true,
  "__v": 0,
  "price": 2
},{
  "_id": {
    "$oid": "6256d357d6bfc3a381712590"
  },
  "title": "Вопрос 9",
  "quiz": {
    "$oid": "623c202c86036d77b3a6bfe4"
  },
  "type": "question",
  "text": "Визитная карточка региона — товары текстильной промышленности. На нескольких предприятиях здесь производят ткани для одежды из ситца, фланели, сатина, бязи; подушки, одеяла, постельное белье, мебель; существует ряд хлопчатобумажных комбинатов и швейных предприятий.",
  "answer": "Ивановская область, Иваново",
  "img": "https://quizserver.vityazgroup.ru:8443/api/image/get/399d14cd-61d6-4dae-a93a-7c3815f525f6.png",
  "video": "",
  "isActive": true,
  "__v": 0,
  "price": 1
},{
  "_id": {
    "$oid": "6256d370d6bfc3a381712594"
  },
  "title": "Вопрос 10",
  "quiz": {
    "$oid": "623c202c86036d77b3a6bfe4"
  },
  "type": "question",
  "text": "Это признанный ювелирный и льняной центр страны.",
  "answer": "Костромская область, Кострома",
  "img": "https://quizserver.vityazgroup.ru:8443/api/image/get/a81bcd9d-60a9-4cae-b051-6d4241156156.png",
  "video": "",
  "isActive": true,
  "__v": 0,
  "price": 1
},{
  "_id": {
    "$oid": "6256d38bd6bfc3a381712598"
  },
  "title": "Вопрос 11",
  "quiz": {
    "$oid": "623c202c86036d77b3a6bfe4"
  },
  "type": "question",
  "text": "В области расположена … магнитная аномалия — крупнейшее в мире месторождение железной руды, запасы которой составляют почти 430 млн тонн.",
  "answer": "Курская область, Курск",
  "img": "https://quizserver.vityazgroup.ru:8443/api/image/get/8b80caa8-9cc9-4a81-84cc-0200c1e2565e.png",
  "video": "",
  "isActive": true,
  "__v": 0,
  "price": 3
},{
  "_id": {
    "$oid": "6256d3a2d6bfc3a38171259c"
  },
  "title": "Вопрос 12",
  "quiz": {
    "$oid": "623c202c86036d77b3a6bfe4"
  },
  "type": "question",
  "text": "Обнаруженное в XV веке месторождение железной руды вблизи города положило начало бурному развитию промышленности. В том числе, оружейному делу, которое активно поддерживал Петр I. По его приказу в 1712 году был заложен Императорский оружейный завод.",
  "answer": "Тульская область, Тула",
  "img": "https://quizserver.vityazgroup.ru:8443/api/image/get/ec8f63ad-eaeb-44a1-b1c1-3a3aa01f9af2.png",
  "video": "",
  "isActive": true,
  "__v": 0,
  "price": 2
},{
  "_id": {
    "$oid": "6256d3e1d6bfc3a3817125a8"
  },
  "title": "Вопрос 13",
  "quiz": {
    "$oid": "623c202c86036d77b3a6bfe4"
  },
  "type": "question",
  "text": "В этой области расположен город — старейший центр стекольной промышленности России, что и определяет его необычное название.",
  "answer": "Владимирская область, Владимир",
  "img": "https://quizserver.vityazgroup.ru:8443/api/image/get/563fd3f5-71f1-455c-9ac7-5857ab9edf88.png",
  "video": "",
  "isActive": true,
  "__v": 0,
  "price": 2
},{
  "_id": {
    "$oid": "6256d3ffd6bfc3a3817125ac"
  },
  "title": "Вопрос 14",
  "quiz": {
    "$oid": "623c202c86036d77b3a6bfe4"
  },
  "type": "question",
  "text": "Город является признанным лидером России в области черной металлургии, на высоком уровне в городе развиты машиностроение и пищевая промышленность. ",
  "answer": "Челябинская область, Челябинск",
  "img": "https://quizserver.vityazgroup.ru:8443/api/image/get/39b829a2-1fee-40c7-aecb-69c876643914.png",
  "video": "",
  "isActive": true,
  "__v": 0,
  "price": 1
},{
  "_id": {
    "$oid": "6256d420d6bfc3a3817125b0"
  },
  "title": "Вопрос 15",
  "quiz": {
    "$oid": "623c202c86036d77b3a6bfe4"
  },
  "type": "question",
  "text": "Крупный экономический центр Дальнего Востока и лидер среди городов Приморского края. На территории региона работают крупные производства: торговый порт, завод по сборке автомобилей «Мазда», фабрика «Приморский кондитер», алмазно-ювелирное производство KGK. Появлению новых производств способствуют специальные экономические режимы, которые действуют в Приморье.",
  "answer": "Приморский край, Владивосток",
  "img": "https://quizserver.vityazgroup.ru:8443/api/image/get/0d29d62f-4273-4a84-904e-d1e3566de2db.png",
  "video": "",
  "isActive": true,
  "__v": 0,
  "price": 1
},{
  "_id": {
    "$oid": "6256d435d6bfc3a3817125b4"
  },
  "title": "Вопрос 16",
  "quiz": {
    "$oid": "623c202c86036d77b3a6bfe4"
  },
  "type": "question",
  "text": "Самую чистую в мире нефть, из которой делают авиационные масла, добывают в этом регионе.",
  "answer": "Республика Ингушетия, Магас",
  "img": "https://quizserver.vityazgroup.ru:8443/api/image/get/380ed421-b4b9-4fe1-9c8a-d9d6133da468.png",
  "video": "",
  "isActive": true,
  "__v": 0,
  "price": 3
},{
  "_id": {
    "$oid": "6256d463d6bfc3a3817125b8"
  },
  "title": "Вопрос 17",
  "quiz": {
    "$oid": "623c202c86036d77b3a6bfe4"
  },
  "type": "question",
  "text": "Самое крупное месторождение золота в России под названием Сухой Лог находится в этой области. По потенциальным запасам в 2700 тонн оно является крупнейшим в мире.\n",
  "answer": "Чукотский АО, Анадырь",
  "img": "https://quizserver.vityazgroup.ru:8443/api/image/get/ee3327ed-6577-4f43-9863-fb016618738b.png",
  "video": "",
  "isActive": true,
  "__v": 0,
  "price": 2
},{
  "_id": {
    "$oid": "6256d47ed6bfc3a3817125bc"
  },
  "title": "Вопрос 18",
  "quiz": {
    "$oid": "623c202c86036d77b3a6bfe4"
  },
  "type": "question",
  "text": "Центр инноваций, IT и бизнеса. Объем экономики столицы этого региона — 632 млрд руб. Город обладает развитой финансовой системой. Здесь также расположены один из крупнейших в России технопарков «IT Park» и один из самых больших в Европе — «Идея».",
  "answer": "Республика Татарстан, Казань",
  "img": "https://quizserver.vityazgroup.ru:8443/api/image/get/363b1a5a-66b1-41fc-b60a-2d96b01b304c.png",
  "video": "",
  "isActive": true,
  "__v": 0,
  "price": 3
},{
  "_id": {
    "$oid": "6256d4add6bfc3a3817125c0"
  },
  "title": "Вопрос 19",
  "quiz": {
    "$oid": "623c202c86036d77b3a6bfe4"
  },
  "type": "question",
  "text": "Крупнейший торгово-промышленный и транспортный центр страны расположился на пересечении Транссибирской магистрали и реки Иртыш. В городе сосредоточились крупные химические, пищевые, нефте- и газоперерабатывающие предприятия. В числе известных: Газпром Нефть, Вимм-Билль-Данн, Роскосмос.",
  "answer": "Омская область, Омск",
  "img": "https://quizserver.vityazgroup.ru:8443/api/image/get/d45021c0-6f1c-4d36-bd39-c09deb6925e2.png",
  "video": "",
  "isActive": true,
  "__v": 0,
  "price": 2
},{
  "_id": {
    "$oid": "6256d4cad6bfc3a3817125c4"
  },
  "title": "Вопрос 20",
  "quiz": {
    "$oid": "623c202c86036d77b3a6bfe4"
  },
  "type": "question",
  "text": "На территории региона действует самая мощная в стране электростанция — Саяно-Шушенская ГЭС. Установленная мощность в 6,4 тысячи мегаватт и среднегодовая выработка в 24 млрд киловатт-час электроэнергии. ",
  "answer": "Республика Хакасия, Абакан",
  "img": "https://quizserver.vityazgroup.ru:8443/api/image/get/e276c6bd-9062-4a6f-a613-87cf6cb92870.png",
  "video": "",
  "isActive": true,
  "__v": 0,
  "price": 1
},{
  "_id": {
    "$oid": "6256d4e3d6bfc3a3817125c8"
  },
  "title": "Вопрос 21",
  "quiz": {
    "$oid": "623c202c86036d77b3a6bfe4"
  },
  "type": "question",
  "text": "В экономике регионов России эта область занимает первое место по объему топливной промышленности. В области находятся крупнейшие российские месторождения нефти и газа. Здесь расположены нефтеперерабатывающие, машино- и судостроительные предприятия, предприятия обрабатывающей промышленности. В регионе действуют Нижневартовская ГРЭС и Сургутские ГРЭС, занимающие верхние строчки в списках производителей электроэнергии в стране.",
  "answer": "Тюменская область, Тюмень",
  "img": "https://quizserver.vityazgroup.ru:8443/api/image/get/30df2221-9599-4baa-ae06-7191c4cea89c.png",
  "video": "",
  "isActive": true,
  "__v": 0,
  "price": 1
},{
  "_id": {
    "$oid": "6256d4ffd6bfc3a3817125cc"
  },
  "title": "Вопрос 22",
  "quiz": {
    "$oid": "623c202c86036d77b3a6bfe4"
  },
  "type": "question",
  "text": "Около 99% алмазов в России добывают в этом регионе. Совокупный запас драгоценных камней составляет более 1,2 млрд карат. По этому показателю страна занимает 1 место в мире. Крупнейший в России алмаз был добыт в карьере «Мир». Вес драгоценной находки составил 342,5 карата.",
  "answer": "Республика Саха (Якутия), Якутск",
  "img": "https://quizserver.vityazgroup.ru:8443/api/image/get/4ed1132a-31fd-44e8-b83d-002ff02601b8.png",
  "video": "",
  "isActive": true,
  "__v": 0,
  "price": 1
},{
  "_id": {
    "$oid": "6256d516d6bfc3a3817125d0"
  },
  "title": "Вопрос 23",
  "quiz": {
    "$oid": "623c202c86036d77b3a6bfe4"
  },
  "type": "question",
  "text": "Самый богатый углеродами и природным газом регион России.",
  "answer": "Ямало-Ненецкий АО, Салехард",
  "img": "https://quizserver.vityazgroup.ru:8443/api/image/get/f2f81857-f6e2-457d-b35d-160d7a1c6764.png",
  "video": "",
  "isActive": true,
  "__v": 0,
  "price": 3
},{
  "_id": {
    "$oid": "6256d52ed6bfc3a3817125d4"
  },
  "title": "Вопрос 24",
  "quiz": {
    "$oid": "623c202c86036d77b3a6bfe4"
  },
  "type": "question",
  "text": "В этой области находится Аргунское месторождение урана — крупнейшее в России, составляющее 93% от всего объема добычи по запасам чистого урана, оцениваемого в 9481 тонн.",
  "answer": "Забайкальский край, Чита",
  "img": "https://quizserver.vityazgroup.ru:8443/api/image/get/dd18b79f-43e6-468d-b1ff-27611140ce83.png",
  "video": "",
  "isActive": true,
  "__v": 0,
  "price": 3
},{
  "_id": {
    "$oid": "6256d54fd6bfc3a3817125d8"
  },
  "title": "Вопрос 25",
  "quiz": {
    "$oid": "623c202c86036d77b3a6bfe4"
  },
  "type": "question",
  "text": "Область славится крупнейшим в Европе газоконденсатным месторождением. Нефтегазовые ресурсы в районе российского Каспия достигают 2 500 млн тонн. Гиганты газонефтяной отрасли, активно работающие в регионе, ежегодно производят до 0,5 млн тонн бензина. Такое же количество дизельного топлива производится дополнительно к бензину. ",
  "answer": "Астраханская область, Астрахань",
  "img": "https://quizserver.vityazgroup.ru:8443/api/image/get/ea965b0e-c7ea-4c12-9c18-3e35c8174bc4.png",
  "video": "",
  "isActive": true,
  "__v": 0,
  "price": 2
},{
  "_id": {
    "$oid": "6256d565d6bfc3a3817125dc"
  },
  "title": "Вопрос 26",
  "quiz": {
    "$oid": "623c202c86036d77b3a6bfe4"
  },
  "type": "question",
  "text": "Здесь расположен АО «АВТОВАЗ» — крупнейший производитель легковых автомобилей в России и Восточной Европе.",
  "answer": "Самарская область, Самара",
  "img": "https://quizserver.vityazgroup.ru:8443/api/image/get/c48c3bca-b1b2-4ec5-8c70-5fe9a60b113f.png",
  "video": "",
  "isActive": true,
  "__v": 0,
  "price": 1
},{
  "_id": {
    "$oid": "6256d57bd6bfc3a3817125e0"
  },
  "title": "Вопрос 27",
  "quiz": {
    "$oid": "623c202c86036d77b3a6bfe4"
  },
  "type": "question",
  "text": "Регион является лидером по пищевой промышленности. Промышленность представлена: мукомольной, хлебопекарной, молокоперерабатывающей, мясоперерабатывающей, кондитерской, пищеконцентратной, макаронной, масложировой, пивобезалкогольной, алкогольной и табачной отраслями. ",
  "answer": "Московская область, Москва",
  "img": "https://quizserver.vityazgroup.ru:8443/api/image/get/6cb3c6f4-099a-4b89-a3c5-99bd224b78f6.png",
  "video": "",
  "isActive": true,
  "__v": 0,
  "price": 2
},{
  "_id": {
    "$oid": "6256d59fd6bfc3a3817125e4"
  },
  "title": "Вопрос 28",
  "quiz": {
    "$oid": "623c202c86036d77b3a6bfe4"
  },
  "type": "question",
  "text": "В этом регионе находится крупнейший в мире производитель никеля и палладия, российская горно-металлургическая компания Норникель. Обладает наибольшими запасами никелевой руды. Производит также платину, медь, серебро, золото, кобальт и другие цветные металлы.",
  "answer": "Красноярский край, Красноярск",
  "img": "https://quizserver.vityazgroup.ru:8443/api/image/get/79c44ff1-2065-41e5-9ce8-4e4ba7869362.png",
  "video": "",
  "isActive": true,
  "__v": 0,
  "price": 3
},{
  "_id": {
    "$oid": "6256d5d2d6bfc3a3817125e8"
  },
  "title": "Вопрос 29",
  "quiz": {
    "$oid": "623c202c86036d77b3a6bfe4"
  },
  "type": "question",
  "text": "Геотермальная энергетика в России — сравнительно молодое направление. Первая Паужетская ГеоЭС была введена в эксплуатацию в этом регионе в августе 1966 года.",
  "answer": "Камчатский край, Петропавловск-Камчатский",
  "img": "https://quizserver.vityazgroup.ru:8443/api/image/get/7bacef55-748f-4992-a3af-11702e5b262e.png",
  "video": "",
  "isActive": true,
  "__v": 0,
  "price": 2
},{
  "_id": {
    "$oid": "6256d5f5d6bfc3a3817125ec"
  },
  "title": "Вопрос 30",
  "quiz": {
    "$oid": "623c202c86036d77b3a6bfe4"
  },
  "type": "question",
  "text": "Здесь в 1916 году  русским промышленником В.А. Лебедевым в рамках правительственной программы создания в России автомобильной промышленности основан первый моторный завод в России.",
  "answer": "Ярославская область, Ярославль ",
  "img": "https://quizserver.vityazgroup.ru:8443/api/image/get/67075f34-59c8-4ec1-b102-0448f6b65742.png",
  "video": "",
  "isActive": true,
  "__v": 0,
  "price": 3
}]