[{
  "_id": {
    "$oid": "623acfd275188a4016072deb"
  },
  "title": "Необъятная страна",
  "description": "География и природные объекты",
  "category": "Россия",
  "img": "https://quizserver.vityazgroup.ru:8443/api/image/get/5d0af40c-8c69-445d-a6bf-8cd500747ea2.png",
  "isActive": true,
  "__v": 0
},{
  "_id": {
    "$oid": "623ad0192094e309d6832f65"
  },
  "title": "Удивительно, но факт",
  "description": "Интересные факты и места",
  "category": "Россия",
  "img": "https://quizserver.vityazgroup.ru:8443/api/image/get/c15c4ab8-875e-4672-88e3-93316adbb326.png",
  "isActive": true,
  "__v": 0
},{
  "_id": {
    "$oid": "623ad0352094e309d6832f69"
  },
  "title": "Кто? Где? Когда?",
  "description": "Известные люди и исторические факты",
  "category": "Россия",
  "img": "https://quizserver.vityazgroup.ru:8443/api/image/get/ac96d42f-bf2d-4ddb-a13a-5ec97bcfb2b4.png",
  "isActive": true,
  "__v": 0
},{
  "_id": {
    "$oid": "623c202c86036d77b3a6bfe4"
  },
  "title": "Промышленность России",
  "description": "Полезные ископаемые и промышленность",
  "category": "Россия",
  "img": "https://quizserver.vityazgroup.ru:8443/api/image/get/98b8b72a-127f-4b1c-ba85-c789e0e7a5ac.png",
  "isActive": true,
  "__v": 0
}]