[{
  "_id": {
    "$oid": "625ec7d895994ebb6e2cebf0"
  },
  "userId": "6239d1530c168edb478b18be",
  "username": "Александр",
  "mail": "alexandersamedov@gmail.com",
  "text": "Прошу помочь",
  "description": "",
  "isSend": true,
  "isFinished": false,
  "__v": 0
},{
  "_id": {
    "$oid": "625ed06095994ebb6e2cec17"
  },
  "userId": "6239d1760c168edb478b18c0",
  "username": "ljdgljhsa;",
  "mail": "дшвоылрыфплор@hjbhfa.com",
  "text": "ksjfgljhjsgkjds;sdk",
  "description": "",
  "isSend": true,
  "isFinished": true,
  "__v": 0
},{
  "_id": {
    "$oid": "6267a791c1c515b4697ae086"
  },
  "userId": "62679d01c1c515b4697adfdd",
  "username": "asd",
  "mail": "alexandersamedov@gmail.com",
  "text": "user",
  "description": "",
  "isSend": true,
  "isFinished": false,
  "__v": 0
}]